-- phpMyAdmin SQL Dump
-- version 4.1.14
-- http://www.phpmyadmin.net
--
-- Host: 127.0.0.1
-- Generation Time: 2015-12-04 09:54:05
-- 服务器版本： 5.6.17
-- PHP Version: 5.5.12

SET SQL_MODE = "NO_AUTO_VALUE_ON_ZERO";
SET time_zone = "+00:00";


/*!40101 SET @OLD_CHARACTER_SET_CLIENT=@@CHARACTER_SET_CLIENT */;
/*!40101 SET @OLD_CHARACTER_SET_RESULTS=@@CHARACTER_SET_RESULTS */;
/*!40101 SET @OLD_COLLATION_CONNECTION=@@COLLATION_CONNECTION */;
/*!40101 SET NAMES utf8 */;

--
-- Database: `label_netease_gdas_test`
--

-- --------------------------------------------------------

--
-- 表的结构 `label_ods_rst`
--

CREATE TABLE IF NOT EXISTS `label_ods_rst` (
  `ods_sentence_id` bigint(11) NOT NULL,
  `task_id` bigint(11) NOT NULL,
  `task_group` bigint(11) NOT NULL,
  `sentiment` int(11) DEFAULT NULL,
  `is_irrelevent` int(11) DEFAULT NULL,
  `user_id` varchar(255) COLLATE utf8_unicode_ci NOT NULL,
  PRIMARY KEY (`ods_sentence_id`,`task_id`,`task_group`,`user_id`)
) ENGINE=InnoDB DEFAULT CHARSET=utf8 COLLATE=utf8_unicode_ci;

--
-- 转存表中的数据 `label_ods_rst`
--

INSERT INTO `label_ods_rst` (`ods_sentence_id`, `task_id`, `task_group`, `sentiment`, `is_irrelevent`, `user_id`) VALUES
(1, 1, 1, 1, 0, 'gzwanwei'),
(1, 1, 1, 1, 0, 'hzxiayuanfang'),
(1, 1, 1, 2, 0, 'hzzhangtengji'),
(2, 1, 1, 2, 0, 'gzwanwei'),
(2, 1, 1, 3, 0, 'hzxiayuanfang'),
(2, 1, 1, 2, 0, 'hzzhangtengji'),
(3, 1, 1, 4, 0, 'gzwanwei'),
(3, 1, 1, 3, 0, 'hzxiayuanfang'),
(3, 1, 1, 2, 0, 'hzzhangtengji'),
(4, 1, 1, 2, 0, 'gzwanwei'),
(4, 1, 1, 2, 0, 'hzxiayuanfang'),
(4, 1, 1, 2, 0, 'hzzhangtengji'),
(5, 1, 1, 2, 0, 'gzwanwei'),
(5, 1, 1, 2, 0, 'hzxiayuanfang'),
(5, 1, 1, 4, 0, 'hzzhangtengji'),
(6, 1, 1, 2, 0, 'gzwanwei'),
(6, 1, 1, 1, 0, 'hzxiayuanfang'),
(6, 1, 1, 2, 0, 'hzzhangtengji'),
(7, 1, 1, 2, 0, 'gzwanwei'),
(7, 1, 1, 3, 0, 'hzxiayuanfang'),
(7, 1, 1, 2, 0, 'hzzhangtengji'),
(8, 1, 1, 2, 0, 'gzwanwei'),
(8, 1, 1, 2, 0, 'hzxiayuanfang'),
(8, 1, 1, 2, 0, 'hzzhangtengji'),
(9, 1, 1, 4, 0, 'gzwanwei'),
(9, 1, 1, 4, 0, 'hzxiayuanfang'),
(9, 1, 1, 4, 0, 'hzzhangtengji'),
(10, 1, 1, 1, 0, 'gzwanwei'),
(10, 1, 1, 1, 0, 'hzxiayuanfang'),
(10, 1, 1, 2, 0, 'hzzhangtengji'),
(11, 1, 1, 3, 0, 'gzwanwei'),
(11, 1, 1, 2, 0, 'hzxiayuanfang'),
(11, 1, 1, 3, 0, 'hzzhangtengji'),
(12, 1, 1, 4, 0, 'gzwanwei'),
(12, 1, 1, 1, 0, 'hzxiayuanfang'),
(12, 1, 1, 2, 0, 'hzzhangtengji'),
(13, 1, 1, 2, 0, 'gzwanwei'),
(13, 1, 1, 4, 0, 'hzxiayuanfang'),
(13, 1, 1, 4, 0, 'hzzhangtengji'),
(14, 1, 1, 3, 0, 'gzwanwei'),
(14, 1, 1, 4, 0, 'hzxiayuanfang'),
(14, 1, 1, 2, 0, 'hzzhangtengji'),
(15, 1, 1, 3, 0, 'gzwanwei'),
(15, 1, 1, 3, 0, 'hzxiayuanfang'),
(15, 1, 1, 1, 0, 'hzzhangtengji'),
(16, 1, 1, 3, 0, 'gzwanwei'),
(16, 1, 1, 3, 0, 'hzxiayuanfang'),
(16, 1, 1, 3, 0, 'hzzhangtengji'),
(17, 1, 1, 3, 0, 'gzwanwei'),
(17, 1, 1, 4, 0, 'hzxiayuanfang'),
(17, 1, 1, 4, 0, 'hzzhangtengji'),
(18, 1, 1, 4, 0, 'gzwanwei'),
(18, 1, 1, 3, 0, 'hzxiayuanfang'),
(18, 1, 1, 3, 0, 'hzzhangtengji'),
(19, 1, 1, 2, 0, 'gzwanwei'),
(19, 1, 1, 3, 0, 'hzxiayuanfang'),
(19, 1, 1, 2, 0, 'hzzhangtengji'),
(20, 1, 1, 4, 0, 'gzwanwei'),
(20, 1, 1, 3, 0, 'hzxiayuanfang'),
(20, 1, 1, 2, 0, 'hzzhangtengji'),
(21, 1, 1, 2, 0, 'gzwanwei'),
(21, 1, 1, 4, 0, 'hzxiayuanfang'),
(21, 1, 1, 4, 0, 'hzzhangtengji'),
(22, 1, 1, 4, 0, 'gzwanwei'),
(22, 1, 1, 2, 0, 'hzxiayuanfang'),
(22, 1, 1, 4, 0, 'hzzhangtengji'),
(23, 1, 1, 1, 0, 'gzwanwei'),
(23, 1, 1, 3, 0, 'hzxiayuanfang'),
(23, 1, 1, 4, 0, 'hzzhangtengji'),
(24, 1, 1, 2, 0, 'gzwanwei'),
(24, 1, 1, 3, 0, 'hzxiayuanfang'),
(24, 1, 1, 3, 0, 'hzzhangtengji'),
(25, 1, 1, 2, 0, 'gzwanwei'),
(25, 1, 1, 4, 0, 'hzxiayuanfang'),
(25, 1, 1, 4, 0, 'hzzhangtengji'),
(26, 1, 1, 3, 0, 'gzwanwei'),
(26, 1, 1, 3, 0, 'hzxiayuanfang'),
(26, 1, 1, 2, 0, 'hzzhangtengji'),
(27, 1, 1, 3, 0, 'gzwanwei'),
(27, 1, 1, 3, 0, 'hzxiayuanfang'),
(27, 1, 1, 2, 0, 'hzzhangtengji'),
(28, 1, 1, 2, 0, 'gzwanwei'),
(28, 1, 1, 4, 0, 'hzxiayuanfang'),
(28, 1, 1, 3, 0, 'hzzhangtengji'),
(29, 1, 1, 3, 0, 'gzwanwei'),
(29, 1, 1, 2, 0, 'hzxiayuanfang'),
(29, 1, 1, 2, 0, 'hzzhangtengji'),
(30, 1, 1, 1, 0, 'gzwanwei'),
(30, 1, 1, 3, 0, 'hzxiayuanfang'),
(30, 1, 1, 3, 0, 'hzzhangtengji'),
(31, 1, 1, 1, 0, 'gzwanwei'),
(31, 1, 1, 3, 0, 'hzxiayuanfang'),
(31, 1, 1, 1, 0, 'hzzhangtengji'),
(32, 1, 1, 3, 0, 'gzwanwei'),
(32, 1, 1, 3, 0, 'hzxiayuanfang'),
(32, 1, 1, 3, 0, 'hzzhangtengji'),
(33, 1, 1, 3, 0, 'gzwanwei'),
(33, 1, 1, 1, 0, 'hzxiayuanfang'),
(33, 1, 1, 2, 0, 'hzzhangtengji'),
(34, 1, 1, 1, 0, 'gzwanwei'),
(34, 1, 1, 4, 0, 'hzxiayuanfang'),
(34, 1, 1, 2, 0, 'hzzhangtengji'),
(35, 1, 1, 1, 0, 'gzwanwei'),
(35, 1, 1, 3, 0, 'hzxiayuanfang'),
(35, 1, 1, 1, 0, 'hzzhangtengji'),
(36, 1, 1, 4, 0, 'gzwanwei'),
(36, 1, 1, 4, 0, 'hzxiayuanfang'),
(36, 1, 1, 1, 0, 'hzzhangtengji'),
(37, 1, 1, 2, 0, 'gzwanwei'),
(37, 1, 1, 1, 0, 'hzxiayuanfang'),
(37, 1, 1, 1, 0, 'hzzhangtengji'),
(38, 1, 1, 1, 0, 'gzwanwei'),
(38, 1, 1, 4, 0, 'hzxiayuanfang'),
(38, 1, 1, 1, 0, 'hzzhangtengji'),
(39, 1, 1, 1, 0, 'gzwanwei'),
(39, 1, 1, 4, 0, 'hzxiayuanfang'),
(39, 1, 1, 3, 0, 'hzzhangtengji'),
(40, 1, 1, 1, 0, 'gzwanwei'),
(40, 1, 1, 3, 0, 'hzxiayuanfang'),
(40, 1, 1, 1, 0, 'hzzhangtengji'),
(41, 1, 1, 4, 0, 'gzwanwei'),
(41, 1, 1, 3, 0, 'hzxiayuanfang'),
(41, 1, 1, 4, 0, 'hzzhangtengji'),
(42, 1, 1, 2, 0, 'gzwanwei'),
(42, 1, 1, 1, 0, 'hzxiayuanfang'),
(42, 1, 1, 2, 0, 'hzzhangtengji'),
(43, 1, 1, 3, 0, 'gzwanwei'),
(43, 1, 1, 3, 0, 'hzxiayuanfang'),
(43, 1, 1, 2, 0, 'hzzhangtengji'),
(44, 1, 1, 2, 0, 'gzwanwei'),
(44, 1, 1, 1, 0, 'hzxiayuanfang'),
(44, 1, 1, 3, 0, 'hzzhangtengji'),
(45, 1, 1, 1, 0, 'gzwanwei'),
(45, 1, 1, 1, 0, 'hzxiayuanfang'),
(45, 1, 1, 2, 0, 'hzzhangtengji'),
(46, 1, 1, 4, 0, 'gzwanwei'),
(46, 1, 1, 1, 0, 'hzxiayuanfang'),
(46, 1, 1, 3, 0, 'hzzhangtengji'),
(47, 1, 1, 2, 0, 'gzwanwei'),
(47, 1, 1, 4, 0, 'hzxiayuanfang'),
(47, 1, 1, 1, 0, 'hzzhangtengji'),
(48, 1, 1, 2, 0, 'gzwanwei'),
(48, 1, 1, 4, 0, 'hzxiayuanfang'),
(48, 1, 1, 1, 0, 'hzzhangtengji'),
(49, 1, 1, 4, 0, 'gzwanwei'),
(49, 1, 1, 4, 0, 'hzxiayuanfang'),
(49, 1, 1, 1, 0, 'hzzhangtengji'),
(50, 1, 1, 1, 0, 'gzwanwei'),
(50, 1, 1, 3, 0, 'hzxiayuanfang'),
(50, 1, 1, 1, 0, 'hzzhangtengji'),
(51, 1, 1, 3, 0, 'gzwanwei'),
(51, 1, 1, 3, 0, 'hzxiayuanfang'),
(51, 1, 1, 2, 0, 'hzzhangtengji'),
(52, 1, 1, 4, 0, 'gzwanwei'),
(52, 1, 1, 2, 0, 'hzxiayuanfang'),
(52, 1, 1, 1, 0, 'hzzhangtengji'),
(53, 1, 1, 2, 0, 'gzwanwei'),
(53, 1, 1, 1, 0, 'hzxiayuanfang'),
(53, 1, 1, 1, 0, 'hzzhangtengji'),
(54, 1, 1, 3, 0, 'gzwanwei'),
(54, 1, 1, 1, 0, 'hzxiayuanfang'),
(54, 1, 1, 4, 0, 'hzzhangtengji'),
(55, 1, 1, 1, 0, 'gzwanwei'),
(55, 1, 1, 4, 0, 'hzxiayuanfang'),
(55, 1, 1, 1, 0, 'hzzhangtengji'),
(56, 1, 1, 2, 0, 'gzwanwei'),
(56, 1, 1, 2, 0, 'hzxiayuanfang'),
(56, 1, 1, 1, 0, 'hzzhangtengji'),
(57, 1, 1, 2, 0, 'gzwanwei'),
(57, 1, 1, 3, 0, 'hzxiayuanfang'),
(57, 1, 1, 1, 0, 'hzzhangtengji'),
(58, 1, 1, 4, 0, 'gzwanwei'),
(58, 1, 1, 4, 0, 'hzxiayuanfang'),
(58, 1, 1, 2, 0, 'hzzhangtengji'),
(59, 1, 1, 2, 0, 'gzwanwei'),
(59, 1, 1, 3, 0, 'hzxiayuanfang'),
(59, 1, 1, 1, 0, 'hzzhangtengji'),
(60, 1, 1, 4, 0, 'gzwanwei'),
(60, 1, 1, 4, 0, 'hzxiayuanfang'),
(60, 1, 1, 2, 0, 'hzzhangtengji'),
(61, 1, 1, 3, 0, 'gzwanwei'),
(61, 1, 1, 3, 0, 'hzxiayuanfang'),
(61, 1, 1, 2, 0, 'hzzhangtengji'),
(62, 1, 1, 4, 0, 'gzwanwei'),
(62, 1, 1, 3, 0, 'hzxiayuanfang'),
(62, 1, 1, 2, 0, 'hzzhangtengji'),
(63, 1, 1, 1, 0, 'gzwanwei'),
(63, 1, 1, 4, 0, 'hzxiayuanfang'),
(63, 1, 1, 4, 0, 'hzzhangtengji'),
(64, 1, 1, 3, 0, 'gzwanwei'),
(64, 1, 1, 2, 0, 'hzxiayuanfang'),
(64, 1, 1, 1, 0, 'hzzhangtengji'),
(65, 1, 1, 2, 0, 'gzwanwei'),
(65, 1, 1, 3, 0, 'hzxiayuanfang'),
(65, 1, 1, 3, 0, 'hzzhangtengji'),
(66, 1, 1, 2, 0, 'gzwanwei'),
(66, 1, 1, 2, 0, 'hzxiayuanfang'),
(66, 1, 1, 3, 0, 'hzzhangtengji'),
(67, 1, 1, 2, 0, 'gzwanwei'),
(67, 1, 1, 1, 0, 'hzxiayuanfang'),
(67, 1, 1, 3, 0, 'hzzhangtengji'),
(68, 1, 1, 2, 0, 'gzwanwei'),
(68, 1, 1, 3, 0, 'hzxiayuanfang'),
(68, 1, 1, 3, 0, 'hzzhangtengji'),
(69, 1, 1, 3, 0, 'gzwanwei'),
(69, 1, 1, 2, 0, 'hzxiayuanfang'),
(69, 1, 1, 2, 0, 'hzzhangtengji'),
(70, 1, 1, 3, 0, 'gzwanwei'),
(70, 1, 1, 1, 0, 'hzxiayuanfang'),
(70, 1, 1, 3, 0, 'hzzhangtengji'),
(71, 1, 1, 1, 0, 'gzwanwei'),
(71, 1, 1, 3, 0, 'hzxiayuanfang'),
(71, 1, 1, 2, 0, 'hzzhangtengji'),
(72, 1, 1, 4, 0, 'gzwanwei'),
(72, 1, 1, 1, 0, 'hzxiayuanfang'),
(72, 1, 1, 4, 0, 'hzzhangtengji'),
(73, 1, 1, 4, 0, 'gzwanwei'),
(73, 1, 1, 2, 0, 'hzxiayuanfang'),
(73, 1, 1, 1, 0, 'hzzhangtengji'),
(74, 1, 1, 3, 0, 'gzwanwei'),
(74, 1, 1, 4, 0, 'hzxiayuanfang'),
(74, 1, 1, 4, 0, 'hzzhangtengji'),
(75, 1, 1, 3, 0, 'gzwanwei'),
(75, 1, 1, 4, 0, 'hzxiayuanfang'),
(75, 1, 1, 3, 0, 'hzzhangtengji'),
(76, 1, 1, 1, 0, 'gzwanwei'),
(76, 1, 1, 3, 0, 'hzxiayuanfang'),
(76, 1, 1, 1, 0, 'hzzhangtengji'),
(77, 1, 1, 1, 0, 'gzwanwei'),
(77, 1, 1, 2, 0, 'hzxiayuanfang'),
(77, 1, 1, 3, 0, 'hzzhangtengji'),
(78, 1, 1, 3, 0, 'gzwanwei'),
(78, 1, 1, 4, 0, 'hzxiayuanfang'),
(78, 1, 1, 3, 0, 'hzzhangtengji'),
(79, 1, 1, 2, 0, 'gzwanwei'),
(79, 1, 1, 3, 0, 'hzxiayuanfang'),
(79, 1, 1, 2, 0, 'hzzhangtengji'),
(80, 1, 1, 2, 0, 'gzwanwei'),
(80, 1, 1, 4, 0, 'hzxiayuanfang'),
(80, 1, 1, 1, 0, 'hzzhangtengji'),
(81, 1, 1, 4, 0, 'gzwanwei'),
(81, 1, 1, 1, 0, 'hzxiayuanfang'),
(81, 1, 1, 4, 0, 'hzzhangtengji'),
(82, 1, 1, 2, 0, 'gzwanwei'),
(82, 1, 1, 1, 0, 'hzxiayuanfang'),
(82, 1, 1, 1, 0, 'hzzhangtengji'),
(83, 1, 1, 1, 0, 'gzwanwei'),
(83, 1, 1, 4, 0, 'hzxiayuanfang'),
(83, 1, 1, 1, 0, 'hzzhangtengji'),
(84, 1, 1, 4, 0, 'gzwanwei'),
(84, 1, 1, 1, 0, 'hzxiayuanfang'),
(84, 1, 1, 3, 0, 'hzzhangtengji'),
(85, 1, 1, 3, 0, 'gzwanwei'),
(85, 1, 1, 1, 0, 'hzxiayuanfang'),
(85, 1, 1, 2, 0, 'hzzhangtengji'),
(86, 1, 1, 1, 0, 'gzwanwei'),
(86, 1, 1, 1, 0, 'hzxiayuanfang'),
(86, 1, 1, 1, 0, 'hzzhangtengji'),
(87, 1, 1, 1, 0, 'gzwanwei'),
(87, 1, 1, 3, 0, 'hzxiayuanfang'),
(87, 1, 1, 4, 0, 'hzzhangtengji'),
(88, 1, 1, 2, 0, 'gzwanwei'),
(88, 1, 1, 2, 0, 'hzxiayuanfang'),
(88, 1, 1, 2, 0, 'hzzhangtengji'),
(89, 1, 1, 2, 0, 'gzwanwei'),
(89, 1, 1, 2, 0, 'hzxiayuanfang'),
(89, 1, 1, 4, 0, 'hzzhangtengji'),
(90, 1, 1, 1, 0, 'gzwanwei'),
(90, 1, 1, 2, 0, 'hzxiayuanfang'),
(90, 1, 1, 1, 0, 'hzzhangtengji'),
(91, 1, 1, 2, 0, 'gzwanwei'),
(91, 1, 1, 1, 0, 'hzxiayuanfang'),
(91, 1, 1, 1, 0, 'hzzhangtengji'),
(92, 1, 1, 3, 0, 'gzwanwei'),
(92, 1, 1, 2, 0, 'hzxiayuanfang'),
(92, 1, 1, 1, 0, 'hzzhangtengji'),
(93, 1, 1, 4, 0, 'gzwanwei'),
(93, 1, 1, 3, 0, 'hzxiayuanfang'),
(93, 1, 1, 4, 0, 'hzzhangtengji'),
(94, 1, 1, 2, 0, 'gzwanwei'),
(94, 1, 1, 3, 0, 'hzxiayuanfang'),
(94, 1, 1, 2, 0, 'hzzhangtengji'),
(95, 1, 1, 4, 0, 'gzwanwei'),
(95, 1, 1, 4, 0, 'hzxiayuanfang'),
(95, 1, 1, 1, 0, 'hzzhangtengji'),
(96, 1, 1, 2, 0, 'gzwanwei'),
(96, 1, 1, 1, 0, 'hzxiayuanfang'),
(96, 1, 1, 1, 0, 'hzzhangtengji'),
(97, 1, 1, 3, 0, 'gzwanwei'),
(97, 1, 1, 2, 0, 'hzxiayuanfang'),
(97, 1, 1, 1, 0, 'hzzhangtengji'),
(98, 1, 1, 2, 0, 'gzwanwei'),
(98, 1, 1, 3, 0, 'hzxiayuanfang'),
(98, 1, 1, 4, 0, 'hzzhangtengji'),
(99, 1, 1, 2, 0, 'gzwanwei'),
(99, 1, 1, 3, 0, 'hzxiayuanfang'),
(99, 1, 1, 2, 0, 'hzzhangtengji'),
(100, 1, 1, 4, 0, 'gzwanwei'),
(100, 1, 1, 1, 0, 'hzxiayuanfang'),
(100, 1, 1, 1, 0, 'hzzhangtengji');

-- --------------------------------------------------------

--
-- 表的结构 `label_ods_src`
--

CREATE TABLE IF NOT EXISTS `label_ods_src` (
  `ods_sentence_id` bigint(11) NOT NULL,
  `task_id` bigint(11) NOT NULL,
  `task_group` bigint(11) NOT NULL,
  `content` varchar(500) COLLATE utf8_unicode_ci DEFAULT NULL,
  `src_content` varchar(3000) COLLATE utf8_unicode_ci DEFAULT NULL,
  `concept_name` varchar(255) COLLATE utf8_unicode_ci DEFAULT NULL,
  `source_name` varchar(255) COLLATE utf8_unicode_ci DEFAULT NULL,
  `comment_url` varchar(270) COLLATE utf8_unicode_ci DEFAULT NULL,
  PRIMARY KEY (`ods_sentence_id`,`task_id`,`task_group`)
) ENGINE=InnoDB DEFAULT CHARSET=utf8 COLLATE=utf8_unicode_ci;

--
-- 转存表中的数据 `label_ods_src`
--

INSERT INTO `label_ods_src` (`ods_sentence_id`, `task_id`, `task_group`, `content`, `src_content`, `concept_name`, `source_name`, `comment_url`) VALUES
(1, 1, 1, '现在活跃人数确实少了现在活跃人数确实少了现在活跃人数确实少了现在活跃人数确实少了现在活跃人数确实少了1', '活跃人数实在太少夜里星星妖王都没人杀可把我一个人累坏了做完不知道哪个小号猛放妖王让我一个人足足杀了一个半小时现在活跃人数确实少了，五灵也抢不到想要的碎片，六万擂台白天都没什么人，这样冷清让耐不住寂寞的人怎么办，希望白鹤区早日合区3希望白鹤区早日合区3希望白鹤区早日合区3希望白鹤区早日合区3希望白鹤区早日合区3希望白鹤区早日合区3希望白鹤区早日合区3希望白鹤区早日合区3希望白鹤区早日合区3希望白鹤区早日合区3希望白鹤区早日合区3希望白鹤区早日合区3希望白鹤区早日合区3希望白鹤区早日合区3希望白鹤区早日合区3希望白鹤区早日合区3希望白鹤区早日合区3希望白鹤区早日合区3希望白鹤区早日合区3希望白鹤区早日合区3希望白鹤区早日合区3希望白鹤区早日合区3希望白鹤区早日合区3希望白鹤区早日合区3希望白鹤区早日合区3希望白鹤区早日合区3希望白鹤区早日合区1', '画面', '百度贴吧', 'http://www.bilibili.com'),
(2, 1, 1, '现在活跃人数确实少了现在活跃人数确实少了现在活跃人数确实少了现在活跃人数确实少了现在活跃人数确实少了2', '活跃人数实在太少夜里星星妖王都没人杀可把我一个人累坏了做完不知道哪个小号猛放妖王让我一个人足足杀了一个半小时现在活跃人数确实少了，五灵也抢不到想要的碎片，六万擂台白天都没什么人，这样冷清让耐不住寂寞的人怎么办，希望白鹤区早日合区3希望白鹤区早日合区3希望白鹤区早日合区3希望白鹤区早日合区3希望白鹤区早日合区3希望白鹤区早日合区3希望白鹤区早日合区3希望白鹤区早日合区3希望白鹤区早日合区3希望白鹤区早日合区3希望白鹤区早日合区3希望白鹤区早日合区3希望白鹤区早日合区3希望白鹤区早日合区3希望白鹤区早日合区3希望白鹤区早日合区3希望白鹤区早日合区3希望白鹤区早日合区3希望白鹤区早日合区3希望白鹤区早日合区3希望白鹤区早日合区3希望白鹤区早日合区3希望白鹤区早日合区3希望白鹤区早日合区3希望白鹤区早日合区3希望白鹤区早日合区3希望白鹤区早日合区2', '画面', '百度贴吧', 'http://www.bilibili.com'),
(3, 1, 1, '现在活跃人数确实少了现在活跃人数确实少了现在活跃人数确实少了现在活跃人数确实少了现在活跃人数确实少了3', '活跃人数实在太少夜里星星妖王都没人杀可把我一个人累坏了做完不知道哪个小号猛放妖王让我一个人足足杀了一个半小时现在活跃人数确实少了，五灵也抢不到想要的碎片，六万擂台白天都没什么人，这样冷清让耐不住寂寞的人怎么办，希望白鹤区早日合区3希望白鹤区早日合区3希望白鹤区早日合区3希望白鹤区早日合区3希望白鹤区早日合区3希望白鹤区早日合区3希望白鹤区早日合区3希望白鹤区早日合区3希望白鹤区早日合区3希望白鹤区早日合区3希望白鹤区早日合区3希望白鹤区早日合区3希望白鹤区早日合区3希望白鹤区早日合区3希望白鹤区早日合区3希望白鹤区早日合区3希望白鹤区早日合区3希望白鹤区早日合区3希望白鹤区早日合区3希望白鹤区早日合区3希望白鹤区早日合区3希望白鹤区早日合区3希望白鹤区早日合区3希望白鹤区早日合区3希望白鹤区早日合区3希望白鹤区早日合区3希望白鹤区早日合区3', '画面', '百度贴吧', 'http://www.bilibili.com'),
(4, 1, 1, '现在活跃人数确实少了现在活跃人数确实少了现在活跃人数确实少了现在活跃人数确实少了现在活跃人数确实少了4', '活跃人数实在太少夜里星星妖王都没人杀可把我一个人累坏了做完不知道哪个小号猛放妖王让我一个人足足杀了一个半小时现在活跃人数确实少了，五灵也抢不到想要的碎片，六万擂台白天都没什么人，这样冷清让耐不住寂寞的人怎么办，希望白鹤区早日合区3希望白鹤区早日合区3希望白鹤区早日合区3希望白鹤区早日合区3希望白鹤区早日合区3希望白鹤区早日合区3希望白鹤区早日合区3希望白鹤区早日合区3希望白鹤区早日合区3希望白鹤区早日合区3希望白鹤区早日合区3希望白鹤区早日合区3希望白鹤区早日合区3希望白鹤区早日合区3希望白鹤区早日合区3希望白鹤区早日合区3希望白鹤区早日合区3希望白鹤区早日合区3希望白鹤区早日合区3希望白鹤区早日合区3希望白鹤区早日合区3希望白鹤区早日合区3希望白鹤区早日合区3希望白鹤区早日合区3希望白鹤区早日合区3希望白鹤区早日合区3希望白鹤区早日合区4', '画面', '百度贴吧', 'http://www.bilibili.com'),
(5, 1, 1, '现在活跃人数确实少了现在活跃人数确实少了现在活跃人数确实少了现在活跃人数确实少了现在活跃人数确实少了5', '活跃人数实在太少夜里星星妖王都没人杀可把我一个人累坏了做完不知道哪个小号猛放妖王让我一个人足足杀了一个半小时现在活跃人数确实少了，五灵也抢不到想要的碎片，六万擂台白天都没什么人，这样冷清让耐不住寂寞的人怎么办，希望白鹤区早日合区3希望白鹤区早日合区3希望白鹤区早日合区3希望白鹤区早日合区3希望白鹤区早日合区3希望白鹤区早日合区3希望白鹤区早日合区3希望白鹤区早日合区3希望白鹤区早日合区3希望白鹤区早日合区3希望白鹤区早日合区3希望白鹤区早日合区3希望白鹤区早日合区3希望白鹤区早日合区3希望白鹤区早日合区3希望白鹤区早日合区3希望白鹤区早日合区3希望白鹤区早日合区3希望白鹤区早日合区3希望白鹤区早日合区3希望白鹤区早日合区3希望白鹤区早日合区3希望白鹤区早日合区3希望白鹤区早日合区3希望白鹤区早日合区3希望白鹤区早日合区3希望白鹤区早日合区5', '画面', '百度贴吧', 'http://www.bilibili.com'),
(6, 1, 1, '现在活跃人数确实少了现在活跃人数确实少了现在活跃人数确实少了现在活跃人数确实少了现在活跃人数确实少了6', '活跃人数实在太少夜里星星妖王都没人杀可把我一个人累坏了做完不知道哪个小号猛放妖王让我一个人足足杀了一个半小时现在活跃人数确实少了，五灵也抢不到想要的碎片，六万擂台白天都没什么人，这样冷清让耐不住寂寞的人怎么办，希望白鹤区早日合区3希望白鹤区早日合区3希望白鹤区早日合区3希望白鹤区早日合区3希望白鹤区早日合区3希望白鹤区早日合区3希望白鹤区早日合区3希望白鹤区早日合区3希望白鹤区早日合区3希望白鹤区早日合区3希望白鹤区早日合区3希望白鹤区早日合区3希望白鹤区早日合区3希望白鹤区早日合区3希望白鹤区早日合区3希望白鹤区早日合区3希望白鹤区早日合区3希望白鹤区早日合区3希望白鹤区早日合区3希望白鹤区早日合区3希望白鹤区早日合区3希望白鹤区早日合区3希望白鹤区早日合区3希望白鹤区早日合区3希望白鹤区早日合区3希望白鹤区早日合区3希望白鹤区早日合区6', '画面', '百度贴吧', 'http://www.bilibili.com'),
(7, 1, 1, '现在活跃人数确实少了现在活跃人数确实少了现在活跃人数确实少了现在活跃人数确实少了现在活跃人数确实少了7', '活跃人数实在太少夜里星星妖王都没人杀可把我一个人累坏了做完不知道哪个小号猛放妖王让我一个人足足杀了一个半小时现在活跃人数确实少了，五灵也抢不到想要的碎片，六万擂台白天都没什么人，这样冷清让耐不住寂寞的人怎么办，希望白鹤区早日合区3希望白鹤区早日合区3希望白鹤区早日合区3希望白鹤区早日合区3希望白鹤区早日合区3希望白鹤区早日合区3希望白鹤区早日合区3希望白鹤区早日合区3希望白鹤区早日合区3希望白鹤区早日合区3希望白鹤区早日合区3希望白鹤区早日合区3希望白鹤区早日合区3希望白鹤区早日合区3希望白鹤区早日合区3希望白鹤区早日合区3希望白鹤区早日合区3希望白鹤区早日合区3希望白鹤区早日合区3希望白鹤区早日合区3希望白鹤区早日合区3希望白鹤区早日合区3希望白鹤区早日合区3希望白鹤区早日合区3希望白鹤区早日合区3希望白鹤区早日合区3希望白鹤区早日合区7', '画面', '百度贴吧', 'http://www.bilibili.com'),
(8, 1, 1, '现在活跃人数确实少了现在活跃人数确实少了现在活跃人数确实少了现在活跃人数确实少了现在活跃人数确实少了8', '活跃人数实在太少夜里星星妖王都没人杀可把我一个人累坏了做完不知道哪个小号猛放妖王让我一个人足足杀了一个半小时现在活跃人数确实少了，五灵也抢不到想要的碎片，六万擂台白天都没什么人，这样冷清让耐不住寂寞的人怎么办，希望白鹤区早日合区3希望白鹤区早日合区3希望白鹤区早日合区3希望白鹤区早日合区3希望白鹤区早日合区3希望白鹤区早日合区3希望白鹤区早日合区3希望白鹤区早日合区3希望白鹤区早日合区3希望白鹤区早日合区3希望白鹤区早日合区3希望白鹤区早日合区3希望白鹤区早日合区3希望白鹤区早日合区3希望白鹤区早日合区3希望白鹤区早日合区3希望白鹤区早日合区3希望白鹤区早日合区3希望白鹤区早日合区3希望白鹤区早日合区3希望白鹤区早日合区3希望白鹤区早日合区3希望白鹤区早日合区3希望白鹤区早日合区3希望白鹤区早日合区3希望白鹤区早日合区3希望白鹤区早日合区8', '画面', '百度贴吧', 'http://www.bilibili.com'),
(9, 1, 1, '现在活跃人数确实少了现在活跃人数确实少了现在活跃人数确实少了现在活跃人数确实少了现在活跃人数确实少了9', '活跃人数实在太少夜里星星妖王都没人杀可把我一个人累坏了做完不知道哪个小号猛放妖王让我一个人足足杀了一个半小时现在活跃人数确实少了，五灵也抢不到想要的碎片，六万擂台白天都没什么人，这样冷清让耐不住寂寞的人怎么办，希望白鹤区早日合区3希望白鹤区早日合区3希望白鹤区早日合区3希望白鹤区早日合区3希望白鹤区早日合区3希望白鹤区早日合区3希望白鹤区早日合区3希望白鹤区早日合区3希望白鹤区早日合区3希望白鹤区早日合区3希望白鹤区早日合区3希望白鹤区早日合区3希望白鹤区早日合区3希望白鹤区早日合区3希望白鹤区早日合区3希望白鹤区早日合区3希望白鹤区早日合区3希望白鹤区早日合区3希望白鹤区早日合区3希望白鹤区早日合区3希望白鹤区早日合区3希望白鹤区早日合区3希望白鹤区早日合区3希望白鹤区早日合区3希望白鹤区早日合区3希望白鹤区早日合区3希望白鹤区早日合区9', '画面', '百度贴吧', 'http://www.bilibili.com'),
(10, 1, 1, '现在活跃人数确实少了现在活跃人数确实少了现在活跃人数确实少了现在活跃人数确实少了现在活跃人数确实少了10', '活跃人数实在太少夜里星星妖王都没人杀可把我一个人累坏了做完不知道哪个小号猛放妖王让我一个人足足杀了一个半小时现在活跃人数确实少了，五灵也抢不到想要的碎片，六万擂台白天都没什么人，这样冷清让耐不住寂寞的人怎么办，希望白鹤区早日合区3希望白鹤区早日合区3希望白鹤区早日合区3希望白鹤区早日合区3希望白鹤区早日合区3希望白鹤区早日合区3希望白鹤区早日合区3希望白鹤区早日合区3希望白鹤区早日合区3希望白鹤区早日合区3希望白鹤区早日合区3希望白鹤区早日合区3希望白鹤区早日合区3希望白鹤区早日合区3希望白鹤区早日合区3希望白鹤区早日合区3希望白鹤区早日合区3希望白鹤区早日合区3希望白鹤区早日合区3希望白鹤区早日合区3希望白鹤区早日合区3希望白鹤区早日合区3希望白鹤区早日合区3希望白鹤区早日合区3希望白鹤区早日合区3希望白鹤区早日合区3希望白鹤区早日合区10', '画面', '百度贴吧', 'http://www.bilibili.com'),
(11, 1, 1, '现在活跃人数确实少了现在活跃人数确实少了现在活跃人数确实少了现在活跃人数确实少了现在活跃人数确实少了11', '活跃人数实在太少夜里星星妖王都没人杀可把我一个人累坏了做完不知道哪个小号猛放妖王让我一个人足足杀了一个半小时现在活跃人数确实少了，五灵也抢不到想要的碎片，六万擂台白天都没什么人，这样冷清让耐不住寂寞的人怎么办，希望白鹤区早日合区3希望白鹤区早日合区3希望白鹤区早日合区3希望白鹤区早日合区3希望白鹤区早日合区3希望白鹤区早日合区3希望白鹤区早日合区3希望白鹤区早日合区3希望白鹤区早日合区3希望白鹤区早日合区3希望白鹤区早日合区3希望白鹤区早日合区3希望白鹤区早日合区3希望白鹤区早日合区3希望白鹤区早日合区3希望白鹤区早日合区3希望白鹤区早日合区3希望白鹤区早日合区3希望白鹤区早日合区3希望白鹤区早日合区3希望白鹤区早日合区3希望白鹤区早日合区3希望白鹤区早日合区3希望白鹤区早日合区3希望白鹤区早日合区3希望白鹤区早日合区3希望白鹤区早日合区11', '画面', '百度贴吧', 'http://www.bilibili.com'),
(12, 1, 1, '现在活跃人数确实少了现在活跃人数确实少了现在活跃人数确实少了现在活跃人数确实少了现在活跃人数确实少了12', '活跃人数实在太少夜里星星妖王都没人杀可把我一个人累坏了做完不知道哪个小号猛放妖王让我一个人足足杀了一个半小时现在活跃人数确实少了，五灵也抢不到想要的碎片，六万擂台白天都没什么人，这样冷清让耐不住寂寞的人怎么办，希望白鹤区早日合区3希望白鹤区早日合区3希望白鹤区早日合区3希望白鹤区早日合区3希望白鹤区早日合区3希望白鹤区早日合区3希望白鹤区早日合区3希望白鹤区早日合区3希望白鹤区早日合区3希望白鹤区早日合区3希望白鹤区早日合区3希望白鹤区早日合区3希望白鹤区早日合区3希望白鹤区早日合区3希望白鹤区早日合区3希望白鹤区早日合区3希望白鹤区早日合区3希望白鹤区早日合区3希望白鹤区早日合区3希望白鹤区早日合区3希望白鹤区早日合区3希望白鹤区早日合区3希望白鹤区早日合区3希望白鹤区早日合区3希望白鹤区早日合区3希望白鹤区早日合区3希望白鹤区早日合区12', '画面', '百度贴吧', 'http://www.bilibili.com'),
(13, 1, 1, '现在活跃人数确实少了现在活跃人数确实少了现在活跃人数确实少了现在活跃人数确实少了现在活跃人数确实少了13', '活跃人数实在太少夜里星星妖王都没人杀可把我一个人累坏了做完不知道哪个小号猛放妖王让我一个人足足杀了一个半小时现在活跃人数确实少了，五灵也抢不到想要的碎片，六万擂台白天都没什么人，这样冷清让耐不住寂寞的人怎么办，希望白鹤区早日合区3希望白鹤区早日合区3希望白鹤区早日合区3希望白鹤区早日合区3希望白鹤区早日合区3希望白鹤区早日合区3希望白鹤区早日合区3希望白鹤区早日合区3希望白鹤区早日合区3希望白鹤区早日合区3希望白鹤区早日合区3希望白鹤区早日合区3希望白鹤区早日合区3希望白鹤区早日合区3希望白鹤区早日合区3希望白鹤区早日合区3希望白鹤区早日合区3希望白鹤区早日合区3希望白鹤区早日合区3希望白鹤区早日合区3希望白鹤区早日合区3希望白鹤区早日合区3希望白鹤区早日合区3希望白鹤区早日合区3希望白鹤区早日合区3希望白鹤区早日合区3希望白鹤区早日合区13', '画面', '百度贴吧', 'http://www.bilibili.com'),
(14, 1, 1, '现在活跃人数确实少了现在活跃人数确实少了现在活跃人数确实少了现在活跃人数确实少了现在活跃人数确实少了14', '活跃人数实在太少夜里星星妖王都没人杀可把我一个人累坏了做完不知道哪个小号猛放妖王让我一个人足足杀了一个半小时现在活跃人数确实少了，五灵也抢不到想要的碎片，六万擂台白天都没什么人，这样冷清让耐不住寂寞的人怎么办，希望白鹤区早日合区3希望白鹤区早日合区3希望白鹤区早日合区3希望白鹤区早日合区3希望白鹤区早日合区3希望白鹤区早日合区3希望白鹤区早日合区3希望白鹤区早日合区3希望白鹤区早日合区3希望白鹤区早日合区3希望白鹤区早日合区3希望白鹤区早日合区3希望白鹤区早日合区3希望白鹤区早日合区3希望白鹤区早日合区3希望白鹤区早日合区3希望白鹤区早日合区3希望白鹤区早日合区3希望白鹤区早日合区3希望白鹤区早日合区3希望白鹤区早日合区3希望白鹤区早日合区3希望白鹤区早日合区3希望白鹤区早日合区3希望白鹤区早日合区3希望白鹤区早日合区3希望白鹤区早日合区14', '画面', '百度贴吧', 'http://www.bilibili.com'),
(15, 1, 1, '现在活跃人数确实少了现在活跃人数确实少了现在活跃人数确实少了现在活跃人数确实少了现在活跃人数确实少了15', '活跃人数实在太少夜里星星妖王都没人杀可把我一个人累坏了做完不知道哪个小号猛放妖王让我一个人足足杀了一个半小时现在活跃人数确实少了，五灵也抢不到想要的碎片，六万擂台白天都没什么人，这样冷清让耐不住寂寞的人怎么办，希望白鹤区早日合区3希望白鹤区早日合区3希望白鹤区早日合区3希望白鹤区早日合区3希望白鹤区早日合区3希望白鹤区早日合区3希望白鹤区早日合区3希望白鹤区早日合区3希望白鹤区早日合区3希望白鹤区早日合区3希望白鹤区早日合区3希望白鹤区早日合区3希望白鹤区早日合区3希望白鹤区早日合区3希望白鹤区早日合区3希望白鹤区早日合区3希望白鹤区早日合区3希望白鹤区早日合区3希望白鹤区早日合区3希望白鹤区早日合区3希望白鹤区早日合区3希望白鹤区早日合区3希望白鹤区早日合区3希望白鹤区早日合区3希望白鹤区早日合区3希望白鹤区早日合区3希望白鹤区早日合区15', '画面', '百度贴吧', 'http://www.bilibili.com'),
(16, 1, 1, '现在活跃人数确实少了现在活跃人数确实少了现在活跃人数确实少了现在活跃人数确实少了现在活跃人数确实少了16', '活跃人数实在太少夜里星星妖王都没人杀可把我一个人累坏了做完不知道哪个小号猛放妖王让我一个人足足杀了一个半小时现在活跃人数确实少了，五灵也抢不到想要的碎片，六万擂台白天都没什么人，这样冷清让耐不住寂寞的人怎么办，希望白鹤区早日合区3希望白鹤区早日合区3希望白鹤区早日合区3希望白鹤区早日合区3希望白鹤区早日合区3希望白鹤区早日合区3希望白鹤区早日合区3希望白鹤区早日合区3希望白鹤区早日合区3希望白鹤区早日合区3希望白鹤区早日合区3希望白鹤区早日合区3希望白鹤区早日合区3希望白鹤区早日合区3希望白鹤区早日合区3希望白鹤区早日合区3希望白鹤区早日合区3希望白鹤区早日合区3希望白鹤区早日合区3希望白鹤区早日合区3希望白鹤区早日合区3希望白鹤区早日合区3希望白鹤区早日合区3希望白鹤区早日合区3希望白鹤区早日合区3希望白鹤区早日合区3希望白鹤区早日合区16', '画面', '百度贴吧', 'http://www.bilibili.com'),
(17, 1, 1, '现在活跃人数确实少了现在活跃人数确实少了现在活跃人数确实少了现在活跃人数确实少了现在活跃人数确实少了17', '活跃人数实在太少夜里星星妖王都没人杀可把我一个人累坏了做完不知道哪个小号猛放妖王让我一个人足足杀了一个半小时现在活跃人数确实少了，五灵也抢不到想要的碎片，六万擂台白天都没什么人，这样冷清让耐不住寂寞的人怎么办，希望白鹤区早日合区3希望白鹤区早日合区3希望白鹤区早日合区3希望白鹤区早日合区3希望白鹤区早日合区3希望白鹤区早日合区3希望白鹤区早日合区3希望白鹤区早日合区3希望白鹤区早日合区3希望白鹤区早日合区3希望白鹤区早日合区3希望白鹤区早日合区3希望白鹤区早日合区3希望白鹤区早日合区3希望白鹤区早日合区3希望白鹤区早日合区3希望白鹤区早日合区3希望白鹤区早日合区3希望白鹤区早日合区3希望白鹤区早日合区3希望白鹤区早日合区3希望白鹤区早日合区3希望白鹤区早日合区3希望白鹤区早日合区3希望白鹤区早日合区3希望白鹤区早日合区3希望白鹤区早日合区17', '画面', '百度贴吧', 'http://www.bilibili.com'),
(18, 1, 1, '现在活跃人数确实少了现在活跃人数确实少了现在活跃人数确实少了现在活跃人数确实少了现在活跃人数确实少了18', '活跃人数实在太少夜里星星妖王都没人杀可把我一个人累坏了做完不知道哪个小号猛放妖王让我一个人足足杀了一个半小时现在活跃人数确实少了，五灵也抢不到想要的碎片，六万擂台白天都没什么人，这样冷清让耐不住寂寞的人怎么办，希望白鹤区早日合区3希望白鹤区早日合区3希望白鹤区早日合区3希望白鹤区早日合区3希望白鹤区早日合区3希望白鹤区早日合区3希望白鹤区早日合区3希望白鹤区早日合区3希望白鹤区早日合区3希望白鹤区早日合区3希望白鹤区早日合区3希望白鹤区早日合区3希望白鹤区早日合区3希望白鹤区早日合区3希望白鹤区早日合区3希望白鹤区早日合区3希望白鹤区早日合区3希望白鹤区早日合区3希望白鹤区早日合区3希望白鹤区早日合区3希望白鹤区早日合区3希望白鹤区早日合区3希望白鹤区早日合区3希望白鹤区早日合区3希望白鹤区早日合区3希望白鹤区早日合区3希望白鹤区早日合区18', '画面', '百度贴吧', 'http://www.bilibili.com'),
(19, 1, 1, '现在活跃人数确实少了现在活跃人数确实少了现在活跃人数确实少了现在活跃人数确实少了现在活跃人数确实少了19', '活跃人数实在太少夜里星星妖王都没人杀可把我一个人累坏了做完不知道哪个小号猛放妖王让我一个人足足杀了一个半小时现在活跃人数确实少了，五灵也抢不到想要的碎片，六万擂台白天都没什么人，这样冷清让耐不住寂寞的人怎么办，希望白鹤区早日合区3希望白鹤区早日合区3希望白鹤区早日合区3希望白鹤区早日合区3希望白鹤区早日合区3希望白鹤区早日合区3希望白鹤区早日合区3希望白鹤区早日合区3希望白鹤区早日合区3希望白鹤区早日合区3希望白鹤区早日合区3希望白鹤区早日合区3希望白鹤区早日合区3希望白鹤区早日合区3希望白鹤区早日合区3希望白鹤区早日合区3希望白鹤区早日合区3希望白鹤区早日合区3希望白鹤区早日合区3希望白鹤区早日合区3希望白鹤区早日合区3希望白鹤区早日合区3希望白鹤区早日合区3希望白鹤区早日合区3希望白鹤区早日合区3希望白鹤区早日合区3希望白鹤区早日合区19', '画面', '百度贴吧', 'http://www.bilibili.com'),
(20, 1, 1, '现在活跃人数确实少了现在活跃人数确实少了现在活跃人数确实少了现在活跃人数确实少了现在活跃人数确实少了20', '活跃人数实在太少夜里星星妖王都没人杀可把我一个人累坏了做完不知道哪个小号猛放妖王让我一个人足足杀了一个半小时现在活跃人数确实少了，五灵也抢不到想要的碎片，六万擂台白天都没什么人，这样冷清让耐不住寂寞的人怎么办，希望白鹤区早日合区3希望白鹤区早日合区3希望白鹤区早日合区3希望白鹤区早日合区3希望白鹤区早日合区3希望白鹤区早日合区3希望白鹤区早日合区3希望白鹤区早日合区3希望白鹤区早日合区3希望白鹤区早日合区3希望白鹤区早日合区3希望白鹤区早日合区3希望白鹤区早日合区3希望白鹤区早日合区3希望白鹤区早日合区3希望白鹤区早日合区3希望白鹤区早日合区3希望白鹤区早日合区3希望白鹤区早日合区3希望白鹤区早日合区3希望白鹤区早日合区3希望白鹤区早日合区3希望白鹤区早日合区3希望白鹤区早日合区3希望白鹤区早日合区3希望白鹤区早日合区3希望白鹤区早日合区20', '画面', '百度贴吧', 'http://www.bilibili.com'),
(21, 1, 1, '现在活跃人数确实少了现在活跃人数确实少了现在活跃人数确实少了现在活跃人数确实少了现在活跃人数确实少了21', '活跃人数实在太少夜里星星妖王都没人杀可把我一个人累坏了做完不知道哪个小号猛放妖王让我一个人足足杀了一个半小时现在活跃人数确实少了，五灵也抢不到想要的碎片，六万擂台白天都没什么人，这样冷清让耐不住寂寞的人怎么办，希望白鹤区早日合区3希望白鹤区早日合区3希望白鹤区早日合区3希望白鹤区早日合区3希望白鹤区早日合区3希望白鹤区早日合区3希望白鹤区早日合区3希望白鹤区早日合区3希望白鹤区早日合区3希望白鹤区早日合区3希望白鹤区早日合区3希望白鹤区早日合区3希望白鹤区早日合区3希望白鹤区早日合区3希望白鹤区早日合区3希望白鹤区早日合区3希望白鹤区早日合区3希望白鹤区早日合区3希望白鹤区早日合区3希望白鹤区早日合区3希望白鹤区早日合区3希望白鹤区早日合区3希望白鹤区早日合区3希望白鹤区早日合区3希望白鹤区早日合区3希望白鹤区早日合区3希望白鹤区早日合区21', '画面', '百度贴吧', 'http://www.bilibili.com'),
(22, 1, 1, '现在活跃人数确实少了现在活跃人数确实少了现在活跃人数确实少了现在活跃人数确实少了现在活跃人数确实少了22', '活跃人数实在太少夜里星星妖王都没人杀可把我一个人累坏了做完不知道哪个小号猛放妖王让我一个人足足杀了一个半小时现在活跃人数确实少了，五灵也抢不到想要的碎片，六万擂台白天都没什么人，这样冷清让耐不住寂寞的人怎么办，希望白鹤区早日合区3希望白鹤区早日合区3希望白鹤区早日合区3希望白鹤区早日合区3希望白鹤区早日合区3希望白鹤区早日合区3希望白鹤区早日合区3希望白鹤区早日合区3希望白鹤区早日合区3希望白鹤区早日合区3希望白鹤区早日合区3希望白鹤区早日合区3希望白鹤区早日合区3希望白鹤区早日合区3希望白鹤区早日合区3希望白鹤区早日合区3希望白鹤区早日合区3希望白鹤区早日合区3希望白鹤区早日合区3希望白鹤区早日合区3希望白鹤区早日合区3希望白鹤区早日合区3希望白鹤区早日合区3希望白鹤区早日合区3希望白鹤区早日合区3希望白鹤区早日合区3希望白鹤区早日合区22', '画面', '百度贴吧', 'http://www.bilibili.com'),
(23, 1, 1, '现在活跃人数确实少了现在活跃人数确实少了现在活跃人数确实少了现在活跃人数确实少了现在活跃人数确实少了23', '活跃人数实在太少夜里星星妖王都没人杀可把我一个人累坏了做完不知道哪个小号猛放妖王让我一个人足足杀了一个半小时现在活跃人数确实少了，五灵也抢不到想要的碎片，六万擂台白天都没什么人，这样冷清让耐不住寂寞的人怎么办，希望白鹤区早日合区3希望白鹤区早日合区3希望白鹤区早日合区3希望白鹤区早日合区3希望白鹤区早日合区3希望白鹤区早日合区3希望白鹤区早日合区3希望白鹤区早日合区3希望白鹤区早日合区3希望白鹤区早日合区3希望白鹤区早日合区3希望白鹤区早日合区3希望白鹤区早日合区3希望白鹤区早日合区3希望白鹤区早日合区3希望白鹤区早日合区3希望白鹤区早日合区3希望白鹤区早日合区3希望白鹤区早日合区3希望白鹤区早日合区3希望白鹤区早日合区3希望白鹤区早日合区3希望白鹤区早日合区3希望白鹤区早日合区3希望白鹤区早日合区3希望白鹤区早日合区3希望白鹤区早日合区23', '画面', '百度贴吧', 'http://www.bilibili.com'),
(24, 1, 1, '现在活跃人数确实少了现在活跃人数确实少了现在活跃人数确实少了现在活跃人数确实少了现在活跃人数确实少了24', '活跃人数实在太少夜里星星妖王都没人杀可把我一个人累坏了做完不知道哪个小号猛放妖王让我一个人足足杀了一个半小时现在活跃人数确实少了，五灵也抢不到想要的碎片，六万擂台白天都没什么人，这样冷清让耐不住寂寞的人怎么办，希望白鹤区早日合区3希望白鹤区早日合区3希望白鹤区早日合区3希望白鹤区早日合区3希望白鹤区早日合区3希望白鹤区早日合区3希望白鹤区早日合区3希望白鹤区早日合区3希望白鹤区早日合区3希望白鹤区早日合区3希望白鹤区早日合区3希望白鹤区早日合区3希望白鹤区早日合区3希望白鹤区早日合区3希望白鹤区早日合区3希望白鹤区早日合区3希望白鹤区早日合区3希望白鹤区早日合区3希望白鹤区早日合区3希望白鹤区早日合区3希望白鹤区早日合区3希望白鹤区早日合区3希望白鹤区早日合区3希望白鹤区早日合区3希望白鹤区早日合区3希望白鹤区早日合区3希望白鹤区早日合区24', '画面', '百度贴吧', 'http://www.bilibili.com'),
(25, 1, 1, '现在活跃人数确实少了现在活跃人数确实少了现在活跃人数确实少了现在活跃人数确实少了现在活跃人数确实少了25', '活跃人数实在太少夜里星星妖王都没人杀可把我一个人累坏了做完不知道哪个小号猛放妖王让我一个人足足杀了一个半小时现在活跃人数确实少了，五灵也抢不到想要的碎片，六万擂台白天都没什么人，这样冷清让耐不住寂寞的人怎么办，希望白鹤区早日合区3希望白鹤区早日合区3希望白鹤区早日合区3希望白鹤区早日合区3希望白鹤区早日合区3希望白鹤区早日合区3希望白鹤区早日合区3希望白鹤区早日合区3希望白鹤区早日合区3希望白鹤区早日合区3希望白鹤区早日合区3希望白鹤区早日合区3希望白鹤区早日合区3希望白鹤区早日合区3希望白鹤区早日合区3希望白鹤区早日合区3希望白鹤区早日合区3希望白鹤区早日合区3希望白鹤区早日合区3希望白鹤区早日合区3希望白鹤区早日合区3希望白鹤区早日合区3希望白鹤区早日合区3希望白鹤区早日合区3希望白鹤区早日合区3希望白鹤区早日合区3希望白鹤区早日合区25', '画面', '百度贴吧', 'http://www.bilibili.com'),
(26, 1, 1, '现在活跃人数确实少了现在活跃人数确实少了现在活跃人数确实少了现在活跃人数确实少了现在活跃人数确实少了26', '活跃人数实在太少夜里星星妖王都没人杀可把我一个人累坏了做完不知道哪个小号猛放妖王让我一个人足足杀了一个半小时现在活跃人数确实少了，五灵也抢不到想要的碎片，六万擂台白天都没什么人，这样冷清让耐不住寂寞的人怎么办，希望白鹤区早日合区3希望白鹤区早日合区3希望白鹤区早日合区3希望白鹤区早日合区3希望白鹤区早日合区3希望白鹤区早日合区3希望白鹤区早日合区3希望白鹤区早日合区3希望白鹤区早日合区3希望白鹤区早日合区3希望白鹤区早日合区3希望白鹤区早日合区3希望白鹤区早日合区3希望白鹤区早日合区3希望白鹤区早日合区3希望白鹤区早日合区3希望白鹤区早日合区3希望白鹤区早日合区3希望白鹤区早日合区3希望白鹤区早日合区3希望白鹤区早日合区3希望白鹤区早日合区3希望白鹤区早日合区3希望白鹤区早日合区3希望白鹤区早日合区3希望白鹤区早日合区3希望白鹤区早日合区26', '画面', '百度贴吧', 'http://www.bilibili.com'),
(27, 1, 1, '现在活跃人数确实少了现在活跃人数确实少了现在活跃人数确实少了现在活跃人数确实少了现在活跃人数确实少了27', '活跃人数实在太少夜里星星妖王都没人杀可把我一个人累坏了做完不知道哪个小号猛放妖王让我一个人足足杀了一个半小时现在活跃人数确实少了，五灵也抢不到想要的碎片，六万擂台白天都没什么人，这样冷清让耐不住寂寞的人怎么办，希望白鹤区早日合区3希望白鹤区早日合区3希望白鹤区早日合区3希望白鹤区早日合区3希望白鹤区早日合区3希望白鹤区早日合区3希望白鹤区早日合区3希望白鹤区早日合区3希望白鹤区早日合区3希望白鹤区早日合区3希望白鹤区早日合区3希望白鹤区早日合区3希望白鹤区早日合区3希望白鹤区早日合区3希望白鹤区早日合区3希望白鹤区早日合区3希望白鹤区早日合区3希望白鹤区早日合区3希望白鹤区早日合区3希望白鹤区早日合区3希望白鹤区早日合区3希望白鹤区早日合区3希望白鹤区早日合区3希望白鹤区早日合区3希望白鹤区早日合区3希望白鹤区早日合区3希望白鹤区早日合区27', '画面', '百度贴吧', 'http://www.bilibili.com'),
(28, 1, 1, '现在活跃人数确实少了现在活跃人数确实少了现在活跃人数确实少了现在活跃人数确实少了现在活跃人数确实少了28', '活跃人数实在太少夜里星星妖王都没人杀可把我一个人累坏了做完不知道哪个小号猛放妖王让我一个人足足杀了一个半小时现在活跃人数确实少了，五灵也抢不到想要的碎片，六万擂台白天都没什么人，这样冷清让耐不住寂寞的人怎么办，希望白鹤区早日合区3希望白鹤区早日合区3希望白鹤区早日合区3希望白鹤区早日合区3希望白鹤区早日合区3希望白鹤区早日合区3希望白鹤区早日合区3希望白鹤区早日合区3希望白鹤区早日合区3希望白鹤区早日合区3希望白鹤区早日合区3希望白鹤区早日合区3希望白鹤区早日合区3希望白鹤区早日合区3希望白鹤区早日合区3希望白鹤区早日合区3希望白鹤区早日合区3希望白鹤区早日合区3希望白鹤区早日合区3希望白鹤区早日合区3希望白鹤区早日合区3希望白鹤区早日合区3希望白鹤区早日合区3希望白鹤区早日合区3希望白鹤区早日合区3希望白鹤区早日合区3希望白鹤区早日合区28', '画面', '百度贴吧', 'http://www.bilibili.com'),
(29, 1, 1, '现在活跃人数确实少了现在活跃人数确实少了现在活跃人数确实少了现在活跃人数确实少了现在活跃人数确实少了29', '活跃人数实在太少夜里星星妖王都没人杀可把我一个人累坏了做完不知道哪个小号猛放妖王让我一个人足足杀了一个半小时现在活跃人数确实少了，五灵也抢不到想要的碎片，六万擂台白天都没什么人，这样冷清让耐不住寂寞的人怎么办，希望白鹤区早日合区3希望白鹤区早日合区3希望白鹤区早日合区3希望白鹤区早日合区3希望白鹤区早日合区3希望白鹤区早日合区3希望白鹤区早日合区3希望白鹤区早日合区3希望白鹤区早日合区3希望白鹤区早日合区3希望白鹤区早日合区3希望白鹤区早日合区3希望白鹤区早日合区3希望白鹤区早日合区3希望白鹤区早日合区3希望白鹤区早日合区3希望白鹤区早日合区3希望白鹤区早日合区3希望白鹤区早日合区3希望白鹤区早日合区3希望白鹤区早日合区3希望白鹤区早日合区3希望白鹤区早日合区3希望白鹤区早日合区3希望白鹤区早日合区3希望白鹤区早日合区3希望白鹤区早日合区29', '画面', '百度贴吧', 'http://www.bilibili.com'),
(30, 1, 1, '现在活跃人数确实少了现在活跃人数确实少了现在活跃人数确实少了现在活跃人数确实少了现在活跃人数确实少了30', '活跃人数实在太少夜里星星妖王都没人杀可把我一个人累坏了做完不知道哪个小号猛放妖王让我一个人足足杀了一个半小时现在活跃人数确实少了，五灵也抢不到想要的碎片，六万擂台白天都没什么人，这样冷清让耐不住寂寞的人怎么办，希望白鹤区早日合区3希望白鹤区早日合区3希望白鹤区早日合区3希望白鹤区早日合区3希望白鹤区早日合区3希望白鹤区早日合区3希望白鹤区早日合区3希望白鹤区早日合区3希望白鹤区早日合区3希望白鹤区早日合区3希望白鹤区早日合区3希望白鹤区早日合区3希望白鹤区早日合区3希望白鹤区早日合区3希望白鹤区早日合区3希望白鹤区早日合区3希望白鹤区早日合区3希望白鹤区早日合区3希望白鹤区早日合区3希望白鹤区早日合区3希望白鹤区早日合区3希望白鹤区早日合区3希望白鹤区早日合区3希望白鹤区早日合区3希望白鹤区早日合区3希望白鹤区早日合区3希望白鹤区早日合区30', '画面', '百度贴吧', 'http://www.bilibili.com'),
(31, 1, 1, '现在活跃人数确实少了现在活跃人数确实少了现在活跃人数确实少了现在活跃人数确实少了现在活跃人数确实少了31', '活跃人数实在太少夜里星星妖王都没人杀可把我一个人累坏了做完不知道哪个小号猛放妖王让我一个人足足杀了一个半小时现在活跃人数确实少了，五灵也抢不到想要的碎片，六万擂台白天都没什么人，这样冷清让耐不住寂寞的人怎么办，希望白鹤区早日合区3希望白鹤区早日合区3希望白鹤区早日合区3希望白鹤区早日合区3希望白鹤区早日合区3希望白鹤区早日合区3希望白鹤区早日合区3希望白鹤区早日合区3希望白鹤区早日合区3希望白鹤区早日合区3希望白鹤区早日合区3希望白鹤区早日合区3希望白鹤区早日合区3希望白鹤区早日合区3希望白鹤区早日合区3希望白鹤区早日合区3希望白鹤区早日合区3希望白鹤区早日合区3希望白鹤区早日合区3希望白鹤区早日合区3希望白鹤区早日合区3希望白鹤区早日合区3希望白鹤区早日合区3希望白鹤区早日合区3希望白鹤区早日合区3希望白鹤区早日合区3希望白鹤区早日合区31', '画面', '百度贴吧', 'http://www.bilibili.com'),
(32, 1, 1, '现在活跃人数确实少了现在活跃人数确实少了现在活跃人数确实少了现在活跃人数确实少了现在活跃人数确实少了32', '活跃人数实在太少夜里星星妖王都没人杀可把我一个人累坏了做完不知道哪个小号猛放妖王让我一个人足足杀了一个半小时现在活跃人数确实少了，五灵也抢不到想要的碎片，六万擂台白天都没什么人，这样冷清让耐不住寂寞的人怎么办，希望白鹤区早日合区3希望白鹤区早日合区3希望白鹤区早日合区3希望白鹤区早日合区3希望白鹤区早日合区3希望白鹤区早日合区3希望白鹤区早日合区3希望白鹤区早日合区3希望白鹤区早日合区3希望白鹤区早日合区3希望白鹤区早日合区3希望白鹤区早日合区3希望白鹤区早日合区3希望白鹤区早日合区3希望白鹤区早日合区3希望白鹤区早日合区3希望白鹤区早日合区3希望白鹤区早日合区3希望白鹤区早日合区3希望白鹤区早日合区3希望白鹤区早日合区3希望白鹤区早日合区3希望白鹤区早日合区3希望白鹤区早日合区3希望白鹤区早日合区3希望白鹤区早日合区3希望白鹤区早日合区32', '画面', '百度贴吧', 'http://www.bilibili.com'),
(33, 1, 1, '现在活跃人数确实少了现在活跃人数确实少了现在活跃人数确实少了现在活跃人数确实少了现在活跃人数确实少了33', '活跃人数实在太少夜里星星妖王都没人杀可把我一个人累坏了做完不知道哪个小号猛放妖王让我一个人足足杀了一个半小时现在活跃人数确实少了，五灵也抢不到想要的碎片，六万擂台白天都没什么人，这样冷清让耐不住寂寞的人怎么办，希望白鹤区早日合区3希望白鹤区早日合区3希望白鹤区早日合区3希望白鹤区早日合区3希望白鹤区早日合区3希望白鹤区早日合区3希望白鹤区早日合区3希望白鹤区早日合区3希望白鹤区早日合区3希望白鹤区早日合区3希望白鹤区早日合区3希望白鹤区早日合区3希望白鹤区早日合区3希望白鹤区早日合区3希望白鹤区早日合区3希望白鹤区早日合区3希望白鹤区早日合区3希望白鹤区早日合区3希望白鹤区早日合区3希望白鹤区早日合区3希望白鹤区早日合区3希望白鹤区早日合区3希望白鹤区早日合区3希望白鹤区早日合区3希望白鹤区早日合区3希望白鹤区早日合区3希望白鹤区早日合区33', '画面', '百度贴吧', 'http://www.bilibili.com'),
(34, 1, 1, '现在活跃人数确实少了现在活跃人数确实少了现在活跃人数确实少了现在活跃人数确实少了现在活跃人数确实少了34', '活跃人数实在太少夜里星星妖王都没人杀可把我一个人累坏了做完不知道哪个小号猛放妖王让我一个人足足杀了一个半小时现在活跃人数确实少了，五灵也抢不到想要的碎片，六万擂台白天都没什么人，这样冷清让耐不住寂寞的人怎么办，希望白鹤区早日合区3希望白鹤区早日合区3希望白鹤区早日合区3希望白鹤区早日合区3希望白鹤区早日合区3希望白鹤区早日合区3希望白鹤区早日合区3希望白鹤区早日合区3希望白鹤区早日合区3希望白鹤区早日合区3希望白鹤区早日合区3希望白鹤区早日合区3希望白鹤区早日合区3希望白鹤区早日合区3希望白鹤区早日合区3希望白鹤区早日合区3希望白鹤区早日合区3希望白鹤区早日合区3希望白鹤区早日合区3希望白鹤区早日合区3希望白鹤区早日合区3希望白鹤区早日合区3希望白鹤区早日合区3希望白鹤区早日合区3希望白鹤区早日合区3希望白鹤区早日合区3希望白鹤区早日合区34', '画面', '百度贴吧', 'http://www.bilibili.com'),
(35, 1, 1, '现在活跃人数确实少了现在活跃人数确实少了现在活跃人数确实少了现在活跃人数确实少了现在活跃人数确实少了35', '活跃人数实在太少夜里星星妖王都没人杀可把我一个人累坏了做完不知道哪个小号猛放妖王让我一个人足足杀了一个半小时现在活跃人数确实少了，五灵也抢不到想要的碎片，六万擂台白天都没什么人，这样冷清让耐不住寂寞的人怎么办，希望白鹤区早日合区3希望白鹤区早日合区3希望白鹤区早日合区3希望白鹤区早日合区3希望白鹤区早日合区3希望白鹤区早日合区3希望白鹤区早日合区3希望白鹤区早日合区3希望白鹤区早日合区3希望白鹤区早日合区3希望白鹤区早日合区3希望白鹤区早日合区3希望白鹤区早日合区3希望白鹤区早日合区3希望白鹤区早日合区3希望白鹤区早日合区3希望白鹤区早日合区3希望白鹤区早日合区3希望白鹤区早日合区3希望白鹤区早日合区3希望白鹤区早日合区3希望白鹤区早日合区3希望白鹤区早日合区3希望白鹤区早日合区3希望白鹤区早日合区3希望白鹤区早日合区3希望白鹤区早日合区35', '画面', '百度贴吧', 'http://www.bilibili.com'),
(36, 1, 1, '现在活跃人数确实少了现在活跃人数确实少了现在活跃人数确实少了现在活跃人数确实少了现在活跃人数确实少了36', '活跃人数实在太少夜里星星妖王都没人杀可把我一个人累坏了做完不知道哪个小号猛放妖王让我一个人足足杀了一个半小时现在活跃人数确实少了，五灵也抢不到想要的碎片，六万擂台白天都没什么人，这样冷清让耐不住寂寞的人怎么办，希望白鹤区早日合区3希望白鹤区早日合区3希望白鹤区早日合区3希望白鹤区早日合区3希望白鹤区早日合区3希望白鹤区早日合区3希望白鹤区早日合区3希望白鹤区早日合区3希望白鹤区早日合区3希望白鹤区早日合区3希望白鹤区早日合区3希望白鹤区早日合区3希望白鹤区早日合区3希望白鹤区早日合区3希望白鹤区早日合区3希望白鹤区早日合区3希望白鹤区早日合区3希望白鹤区早日合区3希望白鹤区早日合区3希望白鹤区早日合区3希望白鹤区早日合区3希望白鹤区早日合区3希望白鹤区早日合区3希望白鹤区早日合区3希望白鹤区早日合区3希望白鹤区早日合区3希望白鹤区早日合区36', '画面', '百度贴吧', 'http://www.bilibili.com'),
(37, 1, 1, '现在活跃人数确实少了现在活跃人数确实少了现在活跃人数确实少了现在活跃人数确实少了现在活跃人数确实少了37', '活跃人数实在太少夜里星星妖王都没人杀可把我一个人累坏了做完不知道哪个小号猛放妖王让我一个人足足杀了一个半小时现在活跃人数确实少了，五灵也抢不到想要的碎片，六万擂台白天都没什么人，这样冷清让耐不住寂寞的人怎么办，希望白鹤区早日合区3希望白鹤区早日合区3希望白鹤区早日合区3希望白鹤区早日合区3希望白鹤区早日合区3希望白鹤区早日合区3希望白鹤区早日合区3希望白鹤区早日合区3希望白鹤区早日合区3希望白鹤区早日合区3希望白鹤区早日合区3希望白鹤区早日合区3希望白鹤区早日合区3希望白鹤区早日合区3希望白鹤区早日合区3希望白鹤区早日合区3希望白鹤区早日合区3希望白鹤区早日合区3希望白鹤区早日合区3希望白鹤区早日合区3希望白鹤区早日合区3希望白鹤区早日合区3希望白鹤区早日合区3希望白鹤区早日合区3希望白鹤区早日合区3希望白鹤区早日合区3希望白鹤区早日合区37', '画面', '百度贴吧', 'http://www.bilibili.com'),
(38, 1, 1, '现在活跃人数确实少了现在活跃人数确实少了现在活跃人数确实少了现在活跃人数确实少了现在活跃人数确实少了38', '活跃人数实在太少夜里星星妖王都没人杀可把我一个人累坏了做完不知道哪个小号猛放妖王让我一个人足足杀了一个半小时现在活跃人数确实少了，五灵也抢不到想要的碎片，六万擂台白天都没什么人，这样冷清让耐不住寂寞的人怎么办，希望白鹤区早日合区3希望白鹤区早日合区3希望白鹤区早日合区3希望白鹤区早日合区3希望白鹤区早日合区3希望白鹤区早日合区3希望白鹤区早日合区3希望白鹤区早日合区3希望白鹤区早日合区3希望白鹤区早日合区3希望白鹤区早日合区3希望白鹤区早日合区3希望白鹤区早日合区3希望白鹤区早日合区3希望白鹤区早日合区3希望白鹤区早日合区3希望白鹤区早日合区3希望白鹤区早日合区3希望白鹤区早日合区3希望白鹤区早日合区3希望白鹤区早日合区3希望白鹤区早日合区3希望白鹤区早日合区3希望白鹤区早日合区3希望白鹤区早日合区3希望白鹤区早日合区3希望白鹤区早日合区38', '画面', '百度贴吧', 'http://www.bilibili.com');
INSERT INTO `label_ods_src` (`ods_sentence_id`, `task_id`, `task_group`, `content`, `src_content`, `concept_name`, `source_name`, `comment_url`) VALUES
(39, 1, 1, '现在活跃人数确实少了现在活跃人数确实少了现在活跃人数确实少了现在活跃人数确实少了现在活跃人数确实少了39', '活跃人数实在太少夜里星星妖王都没人杀可把我一个人累坏了做完不知道哪个小号猛放妖王让我一个人足足杀了一个半小时现在活跃人数确实少了，五灵也抢不到想要的碎片，六万擂台白天都没什么人，这样冷清让耐不住寂寞的人怎么办，希望白鹤区早日合区3希望白鹤区早日合区3希望白鹤区早日合区3希望白鹤区早日合区3希望白鹤区早日合区3希望白鹤区早日合区3希望白鹤区早日合区3希望白鹤区早日合区3希望白鹤区早日合区3希望白鹤区早日合区3希望白鹤区早日合区3希望白鹤区早日合区3希望白鹤区早日合区3希望白鹤区早日合区3希望白鹤区早日合区3希望白鹤区早日合区3希望白鹤区早日合区3希望白鹤区早日合区3希望白鹤区早日合区3希望白鹤区早日合区3希望白鹤区早日合区3希望白鹤区早日合区3希望白鹤区早日合区3希望白鹤区早日合区3希望白鹤区早日合区3希望白鹤区早日合区3希望白鹤区早日合区39', '画面', '百度贴吧', 'http://www.bilibili.com'),
(40, 1, 1, '现在活跃人数确实少了现在活跃人数确实少了现在活跃人数确实少了现在活跃人数确实少了现在活跃人数确实少了40', '活跃人数实在太少夜里星星妖王都没人杀可把我一个人累坏了做完不知道哪个小号猛放妖王让我一个人足足杀了一个半小时现在活跃人数确实少了，五灵也抢不到想要的碎片，六万擂台白天都没什么人，这样冷清让耐不住寂寞的人怎么办，希望白鹤区早日合区3希望白鹤区早日合区3希望白鹤区早日合区3希望白鹤区早日合区3希望白鹤区早日合区3希望白鹤区早日合区3希望白鹤区早日合区3希望白鹤区早日合区3希望白鹤区早日合区3希望白鹤区早日合区3希望白鹤区早日合区3希望白鹤区早日合区3希望白鹤区早日合区3希望白鹤区早日合区3希望白鹤区早日合区3希望白鹤区早日合区3希望白鹤区早日合区3希望白鹤区早日合区3希望白鹤区早日合区3希望白鹤区早日合区3希望白鹤区早日合区3希望白鹤区早日合区3希望白鹤区早日合区3希望白鹤区早日合区3希望白鹤区早日合区3希望白鹤区早日合区3希望白鹤区早日合区40', '画面', '百度贴吧', 'http://www.bilibili.com'),
(41, 1, 1, '现在活跃人数确实少了现在活跃人数确实少了现在活跃人数确实少了现在活跃人数确实少了现在活跃人数确实少了41', '活跃人数实在太少夜里星星妖王都没人杀可把我一个人累坏了做完不知道哪个小号猛放妖王让我一个人足足杀了一个半小时现在活跃人数确实少了，五灵也抢不到想要的碎片，六万擂台白天都没什么人，这样冷清让耐不住寂寞的人怎么办，希望白鹤区早日合区3希望白鹤区早日合区3希望白鹤区早日合区3希望白鹤区早日合区3希望白鹤区早日合区3希望白鹤区早日合区3希望白鹤区早日合区3希望白鹤区早日合区3希望白鹤区早日合区3希望白鹤区早日合区3希望白鹤区早日合区3希望白鹤区早日合区3希望白鹤区早日合区3希望白鹤区早日合区3希望白鹤区早日合区3希望白鹤区早日合区3希望白鹤区早日合区3希望白鹤区早日合区3希望白鹤区早日合区3希望白鹤区早日合区3希望白鹤区早日合区3希望白鹤区早日合区3希望白鹤区早日合区3希望白鹤区早日合区3希望白鹤区早日合区3希望白鹤区早日合区3希望白鹤区早日合区41', '画面', '百度贴吧', 'http://www.bilibili.com'),
(42, 1, 1, '现在活跃人数确实少了现在活跃人数确实少了现在活跃人数确实少了现在活跃人数确实少了现在活跃人数确实少了42', '活跃人数实在太少夜里星星妖王都没人杀可把我一个人累坏了做完不知道哪个小号猛放妖王让我一个人足足杀了一个半小时现在活跃人数确实少了，五灵也抢不到想要的碎片，六万擂台白天都没什么人，这样冷清让耐不住寂寞的人怎么办，希望白鹤区早日合区3希望白鹤区早日合区3希望白鹤区早日合区3希望白鹤区早日合区3希望白鹤区早日合区3希望白鹤区早日合区3希望白鹤区早日合区3希望白鹤区早日合区3希望白鹤区早日合区3希望白鹤区早日合区3希望白鹤区早日合区3希望白鹤区早日合区3希望白鹤区早日合区3希望白鹤区早日合区3希望白鹤区早日合区3希望白鹤区早日合区3希望白鹤区早日合区3希望白鹤区早日合区3希望白鹤区早日合区3希望白鹤区早日合区3希望白鹤区早日合区3希望白鹤区早日合区3希望白鹤区早日合区3希望白鹤区早日合区3希望白鹤区早日合区3希望白鹤区早日合区3希望白鹤区早日合区42', '画面', '百度贴吧', 'http://www.bilibili.com'),
(43, 1, 1, '现在活跃人数确实少了现在活跃人数确实少了现在活跃人数确实少了现在活跃人数确实少了现在活跃人数确实少了43', '活跃人数实在太少夜里星星妖王都没人杀可把我一个人累坏了做完不知道哪个小号猛放妖王让我一个人足足杀了一个半小时现在活跃人数确实少了，五灵也抢不到想要的碎片，六万擂台白天都没什么人，这样冷清让耐不住寂寞的人怎么办，希望白鹤区早日合区3希望白鹤区早日合区3希望白鹤区早日合区3希望白鹤区早日合区3希望白鹤区早日合区3希望白鹤区早日合区3希望白鹤区早日合区3希望白鹤区早日合区3希望白鹤区早日合区3希望白鹤区早日合区3希望白鹤区早日合区3希望白鹤区早日合区3希望白鹤区早日合区3希望白鹤区早日合区3希望白鹤区早日合区3希望白鹤区早日合区3希望白鹤区早日合区3希望白鹤区早日合区3希望白鹤区早日合区3希望白鹤区早日合区3希望白鹤区早日合区3希望白鹤区早日合区3希望白鹤区早日合区3希望白鹤区早日合区3希望白鹤区早日合区3希望白鹤区早日合区3希望白鹤区早日合区43', '画面', '百度贴吧', 'http://www.bilibili.com'),
(44, 1, 1, '现在活跃人数确实少了现在活跃人数确实少了现在活跃人数确实少了现在活跃人数确实少了现在活跃人数确实少了44', '活跃人数实在太少夜里星星妖王都没人杀可把我一个人累坏了做完不知道哪个小号猛放妖王让我一个人足足杀了一个半小时现在活跃人数确实少了，五灵也抢不到想要的碎片，六万擂台白天都没什么人，这样冷清让耐不住寂寞的人怎么办，希望白鹤区早日合区3希望白鹤区早日合区3希望白鹤区早日合区3希望白鹤区早日合区3希望白鹤区早日合区3希望白鹤区早日合区3希望白鹤区早日合区3希望白鹤区早日合区3希望白鹤区早日合区3希望白鹤区早日合区3希望白鹤区早日合区3希望白鹤区早日合区3希望白鹤区早日合区3希望白鹤区早日合区3希望白鹤区早日合区3希望白鹤区早日合区3希望白鹤区早日合区3希望白鹤区早日合区3希望白鹤区早日合区3希望白鹤区早日合区3希望白鹤区早日合区3希望白鹤区早日合区3希望白鹤区早日合区3希望白鹤区早日合区3希望白鹤区早日合区3希望白鹤区早日合区3希望白鹤区早日合区44', '画面', '百度贴吧', 'http://www.bilibili.com'),
(45, 1, 1, '现在活跃人数确实少了现在活跃人数确实少了现在活跃人数确实少了现在活跃人数确实少了现在活跃人数确实少了45', '活跃人数实在太少夜里星星妖王都没人杀可把我一个人累坏了做完不知道哪个小号猛放妖王让我一个人足足杀了一个半小时现在活跃人数确实少了，五灵也抢不到想要的碎片，六万擂台白天都没什么人，这样冷清让耐不住寂寞的人怎么办，希望白鹤区早日合区3希望白鹤区早日合区3希望白鹤区早日合区3希望白鹤区早日合区3希望白鹤区早日合区3希望白鹤区早日合区3希望白鹤区早日合区3希望白鹤区早日合区3希望白鹤区早日合区3希望白鹤区早日合区3希望白鹤区早日合区3希望白鹤区早日合区3希望白鹤区早日合区3希望白鹤区早日合区3希望白鹤区早日合区3希望白鹤区早日合区3希望白鹤区早日合区3希望白鹤区早日合区3希望白鹤区早日合区3希望白鹤区早日合区3希望白鹤区早日合区3希望白鹤区早日合区3希望白鹤区早日合区3希望白鹤区早日合区3希望白鹤区早日合区3希望白鹤区早日合区3希望白鹤区早日合区45', '画面', '百度贴吧', 'http://www.bilibili.com'),
(46, 1, 1, '现在活跃人数确实少了现在活跃人数确实少了现在活跃人数确实少了现在活跃人数确实少了现在活跃人数确实少了46', '活跃人数实在太少夜里星星妖王都没人杀可把我一个人累坏了做完不知道哪个小号猛放妖王让我一个人足足杀了一个半小时现在活跃人数确实少了，五灵也抢不到想要的碎片，六万擂台白天都没什么人，这样冷清让耐不住寂寞的人怎么办，希望白鹤区早日合区3希望白鹤区早日合区3希望白鹤区早日合区3希望白鹤区早日合区3希望白鹤区早日合区3希望白鹤区早日合区3希望白鹤区早日合区3希望白鹤区早日合区3希望白鹤区早日合区3希望白鹤区早日合区3希望白鹤区早日合区3希望白鹤区早日合区3希望白鹤区早日合区3希望白鹤区早日合区3希望白鹤区早日合区3希望白鹤区早日合区3希望白鹤区早日合区3希望白鹤区早日合区3希望白鹤区早日合区3希望白鹤区早日合区3希望白鹤区早日合区3希望白鹤区早日合区3希望白鹤区早日合区3希望白鹤区早日合区3希望白鹤区早日合区3希望白鹤区早日合区3希望白鹤区早日合区46', '画面', '百度贴吧', 'http://www.bilibili.com'),
(47, 1, 1, '现在活跃人数确实少了现在活跃人数确实少了现在活跃人数确实少了现在活跃人数确实少了现在活跃人数确实少了47', '活跃人数实在太少夜里星星妖王都没人杀可把我一个人累坏了做完不知道哪个小号猛放妖王让我一个人足足杀了一个半小时现在活跃人数确实少了，五灵也抢不到想要的碎片，六万擂台白天都没什么人，这样冷清让耐不住寂寞的人怎么办，希望白鹤区早日合区3希望白鹤区早日合区3希望白鹤区早日合区3希望白鹤区早日合区3希望白鹤区早日合区3希望白鹤区早日合区3希望白鹤区早日合区3希望白鹤区早日合区3希望白鹤区早日合区3希望白鹤区早日合区3希望白鹤区早日合区3希望白鹤区早日合区3希望白鹤区早日合区3希望白鹤区早日合区3希望白鹤区早日合区3希望白鹤区早日合区3希望白鹤区早日合区3希望白鹤区早日合区3希望白鹤区早日合区3希望白鹤区早日合区3希望白鹤区早日合区3希望白鹤区早日合区3希望白鹤区早日合区3希望白鹤区早日合区3希望白鹤区早日合区3希望白鹤区早日合区3希望白鹤区早日合区47', '画面', '百度贴吧', 'http://www.bilibili.com'),
(48, 1, 1, '现在活跃人数确实少了现在活跃人数确实少了现在活跃人数确实少了现在活跃人数确实少了现在活跃人数确实少了48', '活跃人数实在太少夜里星星妖王都没人杀可把我一个人累坏了做完不知道哪个小号猛放妖王让我一个人足足杀了一个半小时现在活跃人数确实少了，五灵也抢不到想要的碎片，六万擂台白天都没什么人，这样冷清让耐不住寂寞的人怎么办，希望白鹤区早日合区3希望白鹤区早日合区3希望白鹤区早日合区3希望白鹤区早日合区3希望白鹤区早日合区3希望白鹤区早日合区3希望白鹤区早日合区3希望白鹤区早日合区3希望白鹤区早日合区3希望白鹤区早日合区3希望白鹤区早日合区3希望白鹤区早日合区3希望白鹤区早日合区3希望白鹤区早日合区3希望白鹤区早日合区3希望白鹤区早日合区3希望白鹤区早日合区3希望白鹤区早日合区3希望白鹤区早日合区3希望白鹤区早日合区3希望白鹤区早日合区3希望白鹤区早日合区3希望白鹤区早日合区3希望白鹤区早日合区3希望白鹤区早日合区3希望白鹤区早日合区3希望白鹤区早日合区48', '画面', '百度贴吧', 'http://www.bilibili.com'),
(49, 1, 1, '现在活跃人数确实少了现在活跃人数确实少了现在活跃人数确实少了现在活跃人数确实少了现在活跃人数确实少了49', '活跃人数实在太少夜里星星妖王都没人杀可把我一个人累坏了做完不知道哪个小号猛放妖王让我一个人足足杀了一个半小时现在活跃人数确实少了，五灵也抢不到想要的碎片，六万擂台白天都没什么人，这样冷清让耐不住寂寞的人怎么办，希望白鹤区早日合区3希望白鹤区早日合区3希望白鹤区早日合区3希望白鹤区早日合区3希望白鹤区早日合区3希望白鹤区早日合区3希望白鹤区早日合区3希望白鹤区早日合区3希望白鹤区早日合区3希望白鹤区早日合区3希望白鹤区早日合区3希望白鹤区早日合区3希望白鹤区早日合区3希望白鹤区早日合区3希望白鹤区早日合区3希望白鹤区早日合区3希望白鹤区早日合区3希望白鹤区早日合区3希望白鹤区早日合区3希望白鹤区早日合区3希望白鹤区早日合区3希望白鹤区早日合区3希望白鹤区早日合区3希望白鹤区早日合区3希望白鹤区早日合区3希望白鹤区早日合区3希望白鹤区早日合区49', '画面', '百度贴吧', 'http://www.bilibili.com'),
(50, 1, 1, '现在活跃人数确实少了现在活跃人数确实少了现在活跃人数确实少了现在活跃人数确实少了现在活跃人数确实少了50', '活跃人数实在太少夜里星星妖王都没人杀可把我一个人累坏了做完不知道哪个小号猛放妖王让我一个人足足杀了一个半小时现在活跃人数确实少了，五灵也抢不到想要的碎片，六万擂台白天都没什么人，这样冷清让耐不住寂寞的人怎么办，希望白鹤区早日合区3希望白鹤区早日合区3希望白鹤区早日合区3希望白鹤区早日合区3希望白鹤区早日合区3希望白鹤区早日合区3希望白鹤区早日合区3希望白鹤区早日合区3希望白鹤区早日合区3希望白鹤区早日合区3希望白鹤区早日合区3希望白鹤区早日合区3希望白鹤区早日合区3希望白鹤区早日合区3希望白鹤区早日合区3希望白鹤区早日合区3希望白鹤区早日合区3希望白鹤区早日合区3希望白鹤区早日合区3希望白鹤区早日合区3希望白鹤区早日合区3希望白鹤区早日合区3希望白鹤区早日合区3希望白鹤区早日合区3希望白鹤区早日合区3希望白鹤区早日合区3希望白鹤区早日合区50', '画面', '百度贴吧', 'http://www.bilibili.com'),
(51, 1, 1, '现在活跃人数确实少了现在活跃人数确实少了现在活跃人数确实少了现在活跃人数确实少了现在活跃人数确实少了51', '活跃人数实在太少夜里星星妖王都没人杀可把我一个人累坏了做完不知道哪个小号猛放妖王让我一个人足足杀了一个半小时现在活跃人数确实少了，五灵也抢不到想要的碎片，六万擂台白天都没什么人，这样冷清让耐不住寂寞的人怎么办，希望白鹤区早日合区3希望白鹤区早日合区3希望白鹤区早日合区3希望白鹤区早日合区3希望白鹤区早日合区3希望白鹤区早日合区3希望白鹤区早日合区3希望白鹤区早日合区3希望白鹤区早日合区3希望白鹤区早日合区3希望白鹤区早日合区3希望白鹤区早日合区3希望白鹤区早日合区3希望白鹤区早日合区3希望白鹤区早日合区3希望白鹤区早日合区3希望白鹤区早日合区3希望白鹤区早日合区3希望白鹤区早日合区3希望白鹤区早日合区3希望白鹤区早日合区3希望白鹤区早日合区3希望白鹤区早日合区3希望白鹤区早日合区3希望白鹤区早日合区3希望白鹤区早日合区3希望白鹤区早日合区51', '画面', '百度贴吧', 'http://www.bilibili.com'),
(52, 1, 1, '现在活跃人数确实少了现在活跃人数确实少了现在活跃人数确实少了现在活跃人数确实少了现在活跃人数确实少了52', '活跃人数实在太少夜里星星妖王都没人杀可把我一个人累坏了做完不知道哪个小号猛放妖王让我一个人足足杀了一个半小时现在活跃人数确实少了，五灵也抢不到想要的碎片，六万擂台白天都没什么人，这样冷清让耐不住寂寞的人怎么办，希望白鹤区早日合区3希望白鹤区早日合区3希望白鹤区早日合区3希望白鹤区早日合区3希望白鹤区早日合区3希望白鹤区早日合区3希望白鹤区早日合区3希望白鹤区早日合区3希望白鹤区早日合区3希望白鹤区早日合区3希望白鹤区早日合区3希望白鹤区早日合区3希望白鹤区早日合区3希望白鹤区早日合区3希望白鹤区早日合区3希望白鹤区早日合区3希望白鹤区早日合区3希望白鹤区早日合区3希望白鹤区早日合区3希望白鹤区早日合区3希望白鹤区早日合区3希望白鹤区早日合区3希望白鹤区早日合区3希望白鹤区早日合区3希望白鹤区早日合区3希望白鹤区早日合区3希望白鹤区早日合区52', '画面', '百度贴吧', 'http://www.bilibili.com'),
(53, 1, 1, '现在活跃人数确实少了现在活跃人数确实少了现在活跃人数确实少了现在活跃人数确实少了现在活跃人数确实少了53', '活跃人数实在太少夜里星星妖王都没人杀可把我一个人累坏了做完不知道哪个小号猛放妖王让我一个人足足杀了一个半小时现在活跃人数确实少了，五灵也抢不到想要的碎片，六万擂台白天都没什么人，这样冷清让耐不住寂寞的人怎么办，希望白鹤区早日合区3希望白鹤区早日合区3希望白鹤区早日合区3希望白鹤区早日合区3希望白鹤区早日合区3希望白鹤区早日合区3希望白鹤区早日合区3希望白鹤区早日合区3希望白鹤区早日合区3希望白鹤区早日合区3希望白鹤区早日合区3希望白鹤区早日合区3希望白鹤区早日合区3希望白鹤区早日合区3希望白鹤区早日合区3希望白鹤区早日合区3希望白鹤区早日合区3希望白鹤区早日合区3希望白鹤区早日合区3希望白鹤区早日合区3希望白鹤区早日合区3希望白鹤区早日合区3希望白鹤区早日合区3希望白鹤区早日合区3希望白鹤区早日合区3希望白鹤区早日合区3希望白鹤区早日合区53', '画面', '百度贴吧', 'http://www.bilibili.com'),
(54, 1, 1, '现在活跃人数确实少了现在活跃人数确实少了现在活跃人数确实少了现在活跃人数确实少了现在活跃人数确实少了54', '活跃人数实在太少夜里星星妖王都没人杀可把我一个人累坏了做完不知道哪个小号猛放妖王让我一个人足足杀了一个半小时现在活跃人数确实少了，五灵也抢不到想要的碎片，六万擂台白天都没什么人，这样冷清让耐不住寂寞的人怎么办，希望白鹤区早日合区3希望白鹤区早日合区3希望白鹤区早日合区3希望白鹤区早日合区3希望白鹤区早日合区3希望白鹤区早日合区3希望白鹤区早日合区3希望白鹤区早日合区3希望白鹤区早日合区3希望白鹤区早日合区3希望白鹤区早日合区3希望白鹤区早日合区3希望白鹤区早日合区3希望白鹤区早日合区3希望白鹤区早日合区3希望白鹤区早日合区3希望白鹤区早日合区3希望白鹤区早日合区3希望白鹤区早日合区3希望白鹤区早日合区3希望白鹤区早日合区3希望白鹤区早日合区3希望白鹤区早日合区3希望白鹤区早日合区3希望白鹤区早日合区3希望白鹤区早日合区3希望白鹤区早日合区54', '画面', '百度贴吧', 'http://www.bilibili.com'),
(55, 1, 1, '现在活跃人数确实少了现在活跃人数确实少了现在活跃人数确实少了现在活跃人数确实少了现在活跃人数确实少了55', '活跃人数实在太少夜里星星妖王都没人杀可把我一个人累坏了做完不知道哪个小号猛放妖王让我一个人足足杀了一个半小时现在活跃人数确实少了，五灵也抢不到想要的碎片，六万擂台白天都没什么人，这样冷清让耐不住寂寞的人怎么办，希望白鹤区早日合区3希望白鹤区早日合区3希望白鹤区早日合区3希望白鹤区早日合区3希望白鹤区早日合区3希望白鹤区早日合区3希望白鹤区早日合区3希望白鹤区早日合区3希望白鹤区早日合区3希望白鹤区早日合区3希望白鹤区早日合区3希望白鹤区早日合区3希望白鹤区早日合区3希望白鹤区早日合区3希望白鹤区早日合区3希望白鹤区早日合区3希望白鹤区早日合区3希望白鹤区早日合区3希望白鹤区早日合区3希望白鹤区早日合区3希望白鹤区早日合区3希望白鹤区早日合区3希望白鹤区早日合区3希望白鹤区早日合区3希望白鹤区早日合区3希望白鹤区早日合区3希望白鹤区早日合区55', '画面', '百度贴吧', 'http://www.bilibili.com'),
(56, 1, 1, '现在活跃人数确实少了现在活跃人数确实少了现在活跃人数确实少了现在活跃人数确实少了现在活跃人数确实少了56', '活跃人数实在太少夜里星星妖王都没人杀可把我一个人累坏了做完不知道哪个小号猛放妖王让我一个人足足杀了一个半小时现在活跃人数确实少了，五灵也抢不到想要的碎片，六万擂台白天都没什么人，这样冷清让耐不住寂寞的人怎么办，希望白鹤区早日合区3希望白鹤区早日合区3希望白鹤区早日合区3希望白鹤区早日合区3希望白鹤区早日合区3希望白鹤区早日合区3希望白鹤区早日合区3希望白鹤区早日合区3希望白鹤区早日合区3希望白鹤区早日合区3希望白鹤区早日合区3希望白鹤区早日合区3希望白鹤区早日合区3希望白鹤区早日合区3希望白鹤区早日合区3希望白鹤区早日合区3希望白鹤区早日合区3希望白鹤区早日合区3希望白鹤区早日合区3希望白鹤区早日合区3希望白鹤区早日合区3希望白鹤区早日合区3希望白鹤区早日合区3希望白鹤区早日合区3希望白鹤区早日合区3希望白鹤区早日合区3希望白鹤区早日合区56', '画面', '百度贴吧', 'http://www.bilibili.com'),
(57, 1, 1, '现在活跃人数确实少了现在活跃人数确实少了现在活跃人数确实少了现在活跃人数确实少了现在活跃人数确实少了57', '活跃人数实在太少夜里星星妖王都没人杀可把我一个人累坏了做完不知道哪个小号猛放妖王让我一个人足足杀了一个半小时现在活跃人数确实少了，五灵也抢不到想要的碎片，六万擂台白天都没什么人，这样冷清让耐不住寂寞的人怎么办，希望白鹤区早日合区3希望白鹤区早日合区3希望白鹤区早日合区3希望白鹤区早日合区3希望白鹤区早日合区3希望白鹤区早日合区3希望白鹤区早日合区3希望白鹤区早日合区3希望白鹤区早日合区3希望白鹤区早日合区3希望白鹤区早日合区3希望白鹤区早日合区3希望白鹤区早日合区3希望白鹤区早日合区3希望白鹤区早日合区3希望白鹤区早日合区3希望白鹤区早日合区3希望白鹤区早日合区3希望白鹤区早日合区3希望白鹤区早日合区3希望白鹤区早日合区3希望白鹤区早日合区3希望白鹤区早日合区3希望白鹤区早日合区3希望白鹤区早日合区3希望白鹤区早日合区3希望白鹤区早日合区57', '画面', '百度贴吧', 'http://www.bilibili.com'),
(58, 1, 1, '现在活跃人数确实少了现在活跃人数确实少了现在活跃人数确实少了现在活跃人数确实少了现在活跃人数确实少了58', '活跃人数实在太少夜里星星妖王都没人杀可把我一个人累坏了做完不知道哪个小号猛放妖王让我一个人足足杀了一个半小时现在活跃人数确实少了，五灵也抢不到想要的碎片，六万擂台白天都没什么人，这样冷清让耐不住寂寞的人怎么办，希望白鹤区早日合区3希望白鹤区早日合区3希望白鹤区早日合区3希望白鹤区早日合区3希望白鹤区早日合区3希望白鹤区早日合区3希望白鹤区早日合区3希望白鹤区早日合区3希望白鹤区早日合区3希望白鹤区早日合区3希望白鹤区早日合区3希望白鹤区早日合区3希望白鹤区早日合区3希望白鹤区早日合区3希望白鹤区早日合区3希望白鹤区早日合区3希望白鹤区早日合区3希望白鹤区早日合区3希望白鹤区早日合区3希望白鹤区早日合区3希望白鹤区早日合区3希望白鹤区早日合区3希望白鹤区早日合区3希望白鹤区早日合区3希望白鹤区早日合区3希望白鹤区早日合区3希望白鹤区早日合区58', '画面', '百度贴吧', 'http://www.bilibili.com'),
(59, 1, 1, '现在活跃人数确实少了现在活跃人数确实少了现在活跃人数确实少了现在活跃人数确实少了现在活跃人数确实少了59', '活跃人数实在太少夜里星星妖王都没人杀可把我一个人累坏了做完不知道哪个小号猛放妖王让我一个人足足杀了一个半小时现在活跃人数确实少了，五灵也抢不到想要的碎片，六万擂台白天都没什么人，这样冷清让耐不住寂寞的人怎么办，希望白鹤区早日合区3希望白鹤区早日合区3希望白鹤区早日合区3希望白鹤区早日合区3希望白鹤区早日合区3希望白鹤区早日合区3希望白鹤区早日合区3希望白鹤区早日合区3希望白鹤区早日合区3希望白鹤区早日合区3希望白鹤区早日合区3希望白鹤区早日合区3希望白鹤区早日合区3希望白鹤区早日合区3希望白鹤区早日合区3希望白鹤区早日合区3希望白鹤区早日合区3希望白鹤区早日合区3希望白鹤区早日合区3希望白鹤区早日合区3希望白鹤区早日合区3希望白鹤区早日合区3希望白鹤区早日合区3希望白鹤区早日合区3希望白鹤区早日合区3希望白鹤区早日合区3希望白鹤区早日合区59', '画面', '百度贴吧', 'http://www.bilibili.com'),
(60, 1, 1, '现在活跃人数确实少了现在活跃人数确实少了现在活跃人数确实少了现在活跃人数确实少了现在活跃人数确实少了60', '活跃人数实在太少夜里星星妖王都没人杀可把我一个人累坏了做完不知道哪个小号猛放妖王让我一个人足足杀了一个半小时现在活跃人数确实少了，五灵也抢不到想要的碎片，六万擂台白天都没什么人，这样冷清让耐不住寂寞的人怎么办，希望白鹤区早日合区3希望白鹤区早日合区3希望白鹤区早日合区3希望白鹤区早日合区3希望白鹤区早日合区3希望白鹤区早日合区3希望白鹤区早日合区3希望白鹤区早日合区3希望白鹤区早日合区3希望白鹤区早日合区3希望白鹤区早日合区3希望白鹤区早日合区3希望白鹤区早日合区3希望白鹤区早日合区3希望白鹤区早日合区3希望白鹤区早日合区3希望白鹤区早日合区3希望白鹤区早日合区3希望白鹤区早日合区3希望白鹤区早日合区3希望白鹤区早日合区3希望白鹤区早日合区3希望白鹤区早日合区3希望白鹤区早日合区3希望白鹤区早日合区3希望白鹤区早日合区3希望白鹤区早日合区60', '画面', '百度贴吧', 'http://www.bilibili.com'),
(61, 1, 1, '现在活跃人数确实少了现在活跃人数确实少了现在活跃人数确实少了现在活跃人数确实少了现在活跃人数确实少了61', '活跃人数实在太少夜里星星妖王都没人杀可把我一个人累坏了做完不知道哪个小号猛放妖王让我一个人足足杀了一个半小时现在活跃人数确实少了，五灵也抢不到想要的碎片，六万擂台白天都没什么人，这样冷清让耐不住寂寞的人怎么办，希望白鹤区早日合区3希望白鹤区早日合区3希望白鹤区早日合区3希望白鹤区早日合区3希望白鹤区早日合区3希望白鹤区早日合区3希望白鹤区早日合区3希望白鹤区早日合区3希望白鹤区早日合区3希望白鹤区早日合区3希望白鹤区早日合区3希望白鹤区早日合区3希望白鹤区早日合区3希望白鹤区早日合区3希望白鹤区早日合区3希望白鹤区早日合区3希望白鹤区早日合区3希望白鹤区早日合区3希望白鹤区早日合区3希望白鹤区早日合区3希望白鹤区早日合区3希望白鹤区早日合区3希望白鹤区早日合区3希望白鹤区早日合区3希望白鹤区早日合区3希望白鹤区早日合区3希望白鹤区早日合区61', '画面', '百度贴吧', 'http://www.bilibili.com'),
(62, 1, 1, '现在活跃人数确实少了现在活跃人数确实少了现在活跃人数确实少了现在活跃人数确实少了现在活跃人数确实少了62', '活跃人数实在太少夜里星星妖王都没人杀可把我一个人累坏了做完不知道哪个小号猛放妖王让我一个人足足杀了一个半小时现在活跃人数确实少了，五灵也抢不到想要的碎片，六万擂台白天都没什么人，这样冷清让耐不住寂寞的人怎么办，希望白鹤区早日合区3希望白鹤区早日合区3希望白鹤区早日合区3希望白鹤区早日合区3希望白鹤区早日合区3希望白鹤区早日合区3希望白鹤区早日合区3希望白鹤区早日合区3希望白鹤区早日合区3希望白鹤区早日合区3希望白鹤区早日合区3希望白鹤区早日合区3希望白鹤区早日合区3希望白鹤区早日合区3希望白鹤区早日合区3希望白鹤区早日合区3希望白鹤区早日合区3希望白鹤区早日合区3希望白鹤区早日合区3希望白鹤区早日合区3希望白鹤区早日合区3希望白鹤区早日合区3希望白鹤区早日合区3希望白鹤区早日合区3希望白鹤区早日合区3希望白鹤区早日合区3希望白鹤区早日合区62', '画面', '百度贴吧', 'http://www.bilibili.com'),
(63, 1, 1, '现在活跃人数确实少了现在活跃人数确实少了现在活跃人数确实少了现在活跃人数确实少了现在活跃人数确实少了63', '活跃人数实在太少夜里星星妖王都没人杀可把我一个人累坏了做完不知道哪个小号猛放妖王让我一个人足足杀了一个半小时现在活跃人数确实少了，五灵也抢不到想要的碎片，六万擂台白天都没什么人，这样冷清让耐不住寂寞的人怎么办，希望白鹤区早日合区3希望白鹤区早日合区3希望白鹤区早日合区3希望白鹤区早日合区3希望白鹤区早日合区3希望白鹤区早日合区3希望白鹤区早日合区3希望白鹤区早日合区3希望白鹤区早日合区3希望白鹤区早日合区3希望白鹤区早日合区3希望白鹤区早日合区3希望白鹤区早日合区3希望白鹤区早日合区3希望白鹤区早日合区3希望白鹤区早日合区3希望白鹤区早日合区3希望白鹤区早日合区3希望白鹤区早日合区3希望白鹤区早日合区3希望白鹤区早日合区3希望白鹤区早日合区3希望白鹤区早日合区3希望白鹤区早日合区3希望白鹤区早日合区3希望白鹤区早日合区3希望白鹤区早日合区63', '画面', '百度贴吧', 'http://www.bilibili.com'),
(64, 1, 1, '现在活跃人数确实少了现在活跃人数确实少了现在活跃人数确实少了现在活跃人数确实少了现在活跃人数确实少了64', '活跃人数实在太少夜里星星妖王都没人杀可把我一个人累坏了做完不知道哪个小号猛放妖王让我一个人足足杀了一个半小时现在活跃人数确实少了，五灵也抢不到想要的碎片，六万擂台白天都没什么人，这样冷清让耐不住寂寞的人怎么办，希望白鹤区早日合区3希望白鹤区早日合区3希望白鹤区早日合区3希望白鹤区早日合区3希望白鹤区早日合区3希望白鹤区早日合区3希望白鹤区早日合区3希望白鹤区早日合区3希望白鹤区早日合区3希望白鹤区早日合区3希望白鹤区早日合区3希望白鹤区早日合区3希望白鹤区早日合区3希望白鹤区早日合区3希望白鹤区早日合区3希望白鹤区早日合区3希望白鹤区早日合区3希望白鹤区早日合区3希望白鹤区早日合区3希望白鹤区早日合区3希望白鹤区早日合区3希望白鹤区早日合区3希望白鹤区早日合区3希望白鹤区早日合区3希望白鹤区早日合区3希望白鹤区早日合区3希望白鹤区早日合区64', '画面', '百度贴吧', 'http://www.bilibili.com'),
(65, 1, 1, '现在活跃人数确实少了现在活跃人数确实少了现在活跃人数确实少了现在活跃人数确实少了现在活跃人数确实少了65', '活跃人数实在太少夜里星星妖王都没人杀可把我一个人累坏了做完不知道哪个小号猛放妖王让我一个人足足杀了一个半小时现在活跃人数确实少了，五灵也抢不到想要的碎片，六万擂台白天都没什么人，这样冷清让耐不住寂寞的人怎么办，希望白鹤区早日合区3希望白鹤区早日合区3希望白鹤区早日合区3希望白鹤区早日合区3希望白鹤区早日合区3希望白鹤区早日合区3希望白鹤区早日合区3希望白鹤区早日合区3希望白鹤区早日合区3希望白鹤区早日合区3希望白鹤区早日合区3希望白鹤区早日合区3希望白鹤区早日合区3希望白鹤区早日合区3希望白鹤区早日合区3希望白鹤区早日合区3希望白鹤区早日合区3希望白鹤区早日合区3希望白鹤区早日合区3希望白鹤区早日合区3希望白鹤区早日合区3希望白鹤区早日合区3希望白鹤区早日合区3希望白鹤区早日合区3希望白鹤区早日合区3希望白鹤区早日合区3希望白鹤区早日合区65', '画面', '百度贴吧', 'http://www.bilibili.com'),
(66, 1, 1, '现在活跃人数确实少了现在活跃人数确实少了现在活跃人数确实少了现在活跃人数确实少了现在活跃人数确实少了66', '活跃人数实在太少夜里星星妖王都没人杀可把我一个人累坏了做完不知道哪个小号猛放妖王让我一个人足足杀了一个半小时现在活跃人数确实少了，五灵也抢不到想要的碎片，六万擂台白天都没什么人，这样冷清让耐不住寂寞的人怎么办，希望白鹤区早日合区3希望白鹤区早日合区3希望白鹤区早日合区3希望白鹤区早日合区3希望白鹤区早日合区3希望白鹤区早日合区3希望白鹤区早日合区3希望白鹤区早日合区3希望白鹤区早日合区3希望白鹤区早日合区3希望白鹤区早日合区3希望白鹤区早日合区3希望白鹤区早日合区3希望白鹤区早日合区3希望白鹤区早日合区3希望白鹤区早日合区3希望白鹤区早日合区3希望白鹤区早日合区3希望白鹤区早日合区3希望白鹤区早日合区3希望白鹤区早日合区3希望白鹤区早日合区3希望白鹤区早日合区3希望白鹤区早日合区3希望白鹤区早日合区3希望白鹤区早日合区3希望白鹤区早日合区66', '画面', '百度贴吧', 'http://www.bilibili.com'),
(67, 1, 1, '现在活跃人数确实少了现在活跃人数确实少了现在活跃人数确实少了现在活跃人数确实少了现在活跃人数确实少了67', '活跃人数实在太少夜里星星妖王都没人杀可把我一个人累坏了做完不知道哪个小号猛放妖王让我一个人足足杀了一个半小时现在活跃人数确实少了，五灵也抢不到想要的碎片，六万擂台白天都没什么人，这样冷清让耐不住寂寞的人怎么办，希望白鹤区早日合区3希望白鹤区早日合区3希望白鹤区早日合区3希望白鹤区早日合区3希望白鹤区早日合区3希望白鹤区早日合区3希望白鹤区早日合区3希望白鹤区早日合区3希望白鹤区早日合区3希望白鹤区早日合区3希望白鹤区早日合区3希望白鹤区早日合区3希望白鹤区早日合区3希望白鹤区早日合区3希望白鹤区早日合区3希望白鹤区早日合区3希望白鹤区早日合区3希望白鹤区早日合区3希望白鹤区早日合区3希望白鹤区早日合区3希望白鹤区早日合区3希望白鹤区早日合区3希望白鹤区早日合区3希望白鹤区早日合区3希望白鹤区早日合区3希望白鹤区早日合区3希望白鹤区早日合区67', '画面', '百度贴吧', 'http://www.bilibili.com'),
(68, 1, 1, '现在活跃人数确实少了现在活跃人数确实少了现在活跃人数确实少了现在活跃人数确实少了现在活跃人数确实少了68', '活跃人数实在太少夜里星星妖王都没人杀可把我一个人累坏了做完不知道哪个小号猛放妖王让我一个人足足杀了一个半小时现在活跃人数确实少了，五灵也抢不到想要的碎片，六万擂台白天都没什么人，这样冷清让耐不住寂寞的人怎么办，希望白鹤区早日合区3希望白鹤区早日合区3希望白鹤区早日合区3希望白鹤区早日合区3希望白鹤区早日合区3希望白鹤区早日合区3希望白鹤区早日合区3希望白鹤区早日合区3希望白鹤区早日合区3希望白鹤区早日合区3希望白鹤区早日合区3希望白鹤区早日合区3希望白鹤区早日合区3希望白鹤区早日合区3希望白鹤区早日合区3希望白鹤区早日合区3希望白鹤区早日合区3希望白鹤区早日合区3希望白鹤区早日合区3希望白鹤区早日合区3希望白鹤区早日合区3希望白鹤区早日合区3希望白鹤区早日合区3希望白鹤区早日合区3希望白鹤区早日合区3希望白鹤区早日合区3希望白鹤区早日合区68', '画面', '百度贴吧', 'http://www.bilibili.com'),
(69, 1, 1, '现在活跃人数确实少了现在活跃人数确实少了现在活跃人数确实少了现在活跃人数确实少了现在活跃人数确实少了69', '活跃人数实在太少夜里星星妖王都没人杀可把我一个人累坏了做完不知道哪个小号猛放妖王让我一个人足足杀了一个半小时现在活跃人数确实少了，五灵也抢不到想要的碎片，六万擂台白天都没什么人，这样冷清让耐不住寂寞的人怎么办，希望白鹤区早日合区3希望白鹤区早日合区3希望白鹤区早日合区3希望白鹤区早日合区3希望白鹤区早日合区3希望白鹤区早日合区3希望白鹤区早日合区3希望白鹤区早日合区3希望白鹤区早日合区3希望白鹤区早日合区3希望白鹤区早日合区3希望白鹤区早日合区3希望白鹤区早日合区3希望白鹤区早日合区3希望白鹤区早日合区3希望白鹤区早日合区3希望白鹤区早日合区3希望白鹤区早日合区3希望白鹤区早日合区3希望白鹤区早日合区3希望白鹤区早日合区3希望白鹤区早日合区3希望白鹤区早日合区3希望白鹤区早日合区3希望白鹤区早日合区3希望白鹤区早日合区3希望白鹤区早日合区69', '画面', '百度贴吧', 'http://www.bilibili.com'),
(70, 1, 1, '现在活跃人数确实少了现在活跃人数确实少了现在活跃人数确实少了现在活跃人数确实少了现在活跃人数确实少了70', '活跃人数实在太少夜里星星妖王都没人杀可把我一个人累坏了做完不知道哪个小号猛放妖王让我一个人足足杀了一个半小时现在活跃人数确实少了，五灵也抢不到想要的碎片，六万擂台白天都没什么人，这样冷清让耐不住寂寞的人怎么办，希望白鹤区早日合区3希望白鹤区早日合区3希望白鹤区早日合区3希望白鹤区早日合区3希望白鹤区早日合区3希望白鹤区早日合区3希望白鹤区早日合区3希望白鹤区早日合区3希望白鹤区早日合区3希望白鹤区早日合区3希望白鹤区早日合区3希望白鹤区早日合区3希望白鹤区早日合区3希望白鹤区早日合区3希望白鹤区早日合区3希望白鹤区早日合区3希望白鹤区早日合区3希望白鹤区早日合区3希望白鹤区早日合区3希望白鹤区早日合区3希望白鹤区早日合区3希望白鹤区早日合区3希望白鹤区早日合区3希望白鹤区早日合区3希望白鹤区早日合区3希望白鹤区早日合区3希望白鹤区早日合区70', '画面', '百度贴吧', 'http://www.bilibili.com'),
(71, 1, 1, '现在活跃人数确实少了现在活跃人数确实少了现在活跃人数确实少了现在活跃人数确实少了现在活跃人数确实少了71', '活跃人数实在太少夜里星星妖王都没人杀可把我一个人累坏了做完不知道哪个小号猛放妖王让我一个人足足杀了一个半小时现在活跃人数确实少了，五灵也抢不到想要的碎片，六万擂台白天都没什么人，这样冷清让耐不住寂寞的人怎么办，希望白鹤区早日合区3希望白鹤区早日合区3希望白鹤区早日合区3希望白鹤区早日合区3希望白鹤区早日合区3希望白鹤区早日合区3希望白鹤区早日合区3希望白鹤区早日合区3希望白鹤区早日合区3希望白鹤区早日合区3希望白鹤区早日合区3希望白鹤区早日合区3希望白鹤区早日合区3希望白鹤区早日合区3希望白鹤区早日合区3希望白鹤区早日合区3希望白鹤区早日合区3希望白鹤区早日合区3希望白鹤区早日合区3希望白鹤区早日合区3希望白鹤区早日合区3希望白鹤区早日合区3希望白鹤区早日合区3希望白鹤区早日合区3希望白鹤区早日合区3希望白鹤区早日合区3希望白鹤区早日合区71', '画面', '百度贴吧', 'http://www.bilibili.com'),
(72, 1, 1, '现在活跃人数确实少了现在活跃人数确实少了现在活跃人数确实少了现在活跃人数确实少了现在活跃人数确实少了72', '活跃人数实在太少夜里星星妖王都没人杀可把我一个人累坏了做完不知道哪个小号猛放妖王让我一个人足足杀了一个半小时现在活跃人数确实少了，五灵也抢不到想要的碎片，六万擂台白天都没什么人，这样冷清让耐不住寂寞的人怎么办，希望白鹤区早日合区3希望白鹤区早日合区3希望白鹤区早日合区3希望白鹤区早日合区3希望白鹤区早日合区3希望白鹤区早日合区3希望白鹤区早日合区3希望白鹤区早日合区3希望白鹤区早日合区3希望白鹤区早日合区3希望白鹤区早日合区3希望白鹤区早日合区3希望白鹤区早日合区3希望白鹤区早日合区3希望白鹤区早日合区3希望白鹤区早日合区3希望白鹤区早日合区3希望白鹤区早日合区3希望白鹤区早日合区3希望白鹤区早日合区3希望白鹤区早日合区3希望白鹤区早日合区3希望白鹤区早日合区3希望白鹤区早日合区3希望白鹤区早日合区3希望白鹤区早日合区3希望白鹤区早日合区72', '画面', '百度贴吧', 'http://www.bilibili.com'),
(73, 1, 1, '现在活跃人数确实少了现在活跃人数确实少了现在活跃人数确实少了现在活跃人数确实少了现在活跃人数确实少了73', '活跃人数实在太少夜里星星妖王都没人杀可把我一个人累坏了做完不知道哪个小号猛放妖王让我一个人足足杀了一个半小时现在活跃人数确实少了，五灵也抢不到想要的碎片，六万擂台白天都没什么人，这样冷清让耐不住寂寞的人怎么办，希望白鹤区早日合区3希望白鹤区早日合区3希望白鹤区早日合区3希望白鹤区早日合区3希望白鹤区早日合区3希望白鹤区早日合区3希望白鹤区早日合区3希望白鹤区早日合区3希望白鹤区早日合区3希望白鹤区早日合区3希望白鹤区早日合区3希望白鹤区早日合区3希望白鹤区早日合区3希望白鹤区早日合区3希望白鹤区早日合区3希望白鹤区早日合区3希望白鹤区早日合区3希望白鹤区早日合区3希望白鹤区早日合区3希望白鹤区早日合区3希望白鹤区早日合区3希望白鹤区早日合区3希望白鹤区早日合区3希望白鹤区早日合区3希望白鹤区早日合区3希望白鹤区早日合区3希望白鹤区早日合区73', '画面', '百度贴吧', 'http://www.bilibili.com'),
(74, 1, 1, '现在活跃人数确实少了现在活跃人数确实少了现在活跃人数确实少了现在活跃人数确实少了现在活跃人数确实少了74', '活跃人数实在太少夜里星星妖王都没人杀可把我一个人累坏了做完不知道哪个小号猛放妖王让我一个人足足杀了一个半小时现在活跃人数确实少了，五灵也抢不到想要的碎片，六万擂台白天都没什么人，这样冷清让耐不住寂寞的人怎么办，希望白鹤区早日合区3希望白鹤区早日合区3希望白鹤区早日合区3希望白鹤区早日合区3希望白鹤区早日合区3希望白鹤区早日合区3希望白鹤区早日合区3希望白鹤区早日合区3希望白鹤区早日合区3希望白鹤区早日合区3希望白鹤区早日合区3希望白鹤区早日合区3希望白鹤区早日合区3希望白鹤区早日合区3希望白鹤区早日合区3希望白鹤区早日合区3希望白鹤区早日合区3希望白鹤区早日合区3希望白鹤区早日合区3希望白鹤区早日合区3希望白鹤区早日合区3希望白鹤区早日合区3希望白鹤区早日合区3希望白鹤区早日合区3希望白鹤区早日合区3希望白鹤区早日合区3希望白鹤区早日合区74', '画面', '百度贴吧', 'http://www.bilibili.com'),
(75, 1, 1, '现在活跃人数确实少了现在活跃人数确实少了现在活跃人数确实少了现在活跃人数确实少了现在活跃人数确实少了75', '活跃人数实在太少夜里星星妖王都没人杀可把我一个人累坏了做完不知道哪个小号猛放妖王让我一个人足足杀了一个半小时现在活跃人数确实少了，五灵也抢不到想要的碎片，六万擂台白天都没什么人，这样冷清让耐不住寂寞的人怎么办，希望白鹤区早日合区3希望白鹤区早日合区3希望白鹤区早日合区3希望白鹤区早日合区3希望白鹤区早日合区3希望白鹤区早日合区3希望白鹤区早日合区3希望白鹤区早日合区3希望白鹤区早日合区3希望白鹤区早日合区3希望白鹤区早日合区3希望白鹤区早日合区3希望白鹤区早日合区3希望白鹤区早日合区3希望白鹤区早日合区3希望白鹤区早日合区3希望白鹤区早日合区3希望白鹤区早日合区3希望白鹤区早日合区3希望白鹤区早日合区3希望白鹤区早日合区3希望白鹤区早日合区3希望白鹤区早日合区3希望白鹤区早日合区3希望白鹤区早日合区3希望白鹤区早日合区3希望白鹤区早日合区75', '画面', '百度贴吧', 'http://www.bilibili.com'),
(76, 1, 1, '现在活跃人数确实少了现在活跃人数确实少了现在活跃人数确实少了现在活跃人数确实少了现在活跃人数确实少了76', '活跃人数实在太少夜里星星妖王都没人杀可把我一个人累坏了做完不知道哪个小号猛放妖王让我一个人足足杀了一个半小时现在活跃人数确实少了，五灵也抢不到想要的碎片，六万擂台白天都没什么人，这样冷清让耐不住寂寞的人怎么办，希望白鹤区早日合区3希望白鹤区早日合区3希望白鹤区早日合区3希望白鹤区早日合区3希望白鹤区早日合区3希望白鹤区早日合区3希望白鹤区早日合区3希望白鹤区早日合区3希望白鹤区早日合区3希望白鹤区早日合区3希望白鹤区早日合区3希望白鹤区早日合区3希望白鹤区早日合区3希望白鹤区早日合区3希望白鹤区早日合区3希望白鹤区早日合区3希望白鹤区早日合区3希望白鹤区早日合区3希望白鹤区早日合区3希望白鹤区早日合区3希望白鹤区早日合区3希望白鹤区早日合区3希望白鹤区早日合区3希望白鹤区早日合区3希望白鹤区早日合区3希望白鹤区早日合区3希望白鹤区早日合区76', '画面', '百度贴吧', 'http://www.bilibili.com');
INSERT INTO `label_ods_src` (`ods_sentence_id`, `task_id`, `task_group`, `content`, `src_content`, `concept_name`, `source_name`, `comment_url`) VALUES
(77, 1, 1, '现在活跃人数确实少了现在活跃人数确实少了现在活跃人数确实少了现在活跃人数确实少了现在活跃人数确实少了77', '活跃人数实在太少夜里星星妖王都没人杀可把我一个人累坏了做完不知道哪个小号猛放妖王让我一个人足足杀了一个半小时现在活跃人数确实少了，五灵也抢不到想要的碎片，六万擂台白天都没什么人，这样冷清让耐不住寂寞的人怎么办，希望白鹤区早日合区3希望白鹤区早日合区3希望白鹤区早日合区3希望白鹤区早日合区3希望白鹤区早日合区3希望白鹤区早日合区3希望白鹤区早日合区3希望白鹤区早日合区3希望白鹤区早日合区3希望白鹤区早日合区3希望白鹤区早日合区3希望白鹤区早日合区3希望白鹤区早日合区3希望白鹤区早日合区3希望白鹤区早日合区3希望白鹤区早日合区3希望白鹤区早日合区3希望白鹤区早日合区3希望白鹤区早日合区3希望白鹤区早日合区3希望白鹤区早日合区3希望白鹤区早日合区3希望白鹤区早日合区3希望白鹤区早日合区3希望白鹤区早日合区3希望白鹤区早日合区3希望白鹤区早日合区77', '画面', '百度贴吧', 'http://www.bilibili.com'),
(78, 1, 1, '现在活跃人数确实少了现在活跃人数确实少了现在活跃人数确实少了现在活跃人数确实少了现在活跃人数确实少了78', '活跃人数实在太少夜里星星妖王都没人杀可把我一个人累坏了做完不知道哪个小号猛放妖王让我一个人足足杀了一个半小时现在活跃人数确实少了，五灵也抢不到想要的碎片，六万擂台白天都没什么人，这样冷清让耐不住寂寞的人怎么办，希望白鹤区早日合区3希望白鹤区早日合区3希望白鹤区早日合区3希望白鹤区早日合区3希望白鹤区早日合区3希望白鹤区早日合区3希望白鹤区早日合区3希望白鹤区早日合区3希望白鹤区早日合区3希望白鹤区早日合区3希望白鹤区早日合区3希望白鹤区早日合区3希望白鹤区早日合区3希望白鹤区早日合区3希望白鹤区早日合区3希望白鹤区早日合区3希望白鹤区早日合区3希望白鹤区早日合区3希望白鹤区早日合区3希望白鹤区早日合区3希望白鹤区早日合区3希望白鹤区早日合区3希望白鹤区早日合区3希望白鹤区早日合区3希望白鹤区早日合区3希望白鹤区早日合区3希望白鹤区早日合区78', '画面', '百度贴吧', 'http://www.bilibili.com'),
(79, 1, 1, '现在活跃人数确实少了现在活跃人数确实少了现在活跃人数确实少了现在活跃人数确实少了现在活跃人数确实少了79', '活跃人数实在太少夜里星星妖王都没人杀可把我一个人累坏了做完不知道哪个小号猛放妖王让我一个人足足杀了一个半小时现在活跃人数确实少了，五灵也抢不到想要的碎片，六万擂台白天都没什么人，这样冷清让耐不住寂寞的人怎么办，希望白鹤区早日合区3希望白鹤区早日合区3希望白鹤区早日合区3希望白鹤区早日合区3希望白鹤区早日合区3希望白鹤区早日合区3希望白鹤区早日合区3希望白鹤区早日合区3希望白鹤区早日合区3希望白鹤区早日合区3希望白鹤区早日合区3希望白鹤区早日合区3希望白鹤区早日合区3希望白鹤区早日合区3希望白鹤区早日合区3希望白鹤区早日合区3希望白鹤区早日合区3希望白鹤区早日合区3希望白鹤区早日合区3希望白鹤区早日合区3希望白鹤区早日合区3希望白鹤区早日合区3希望白鹤区早日合区3希望白鹤区早日合区3希望白鹤区早日合区3希望白鹤区早日合区3希望白鹤区早日合区79', '画面', '百度贴吧', 'http://www.bilibili.com'),
(80, 1, 1, '现在活跃人数确实少了现在活跃人数确实少了现在活跃人数确实少了现在活跃人数确实少了现在活跃人数确实少了80', '活跃人数实在太少夜里星星妖王都没人杀可把我一个人累坏了做完不知道哪个小号猛放妖王让我一个人足足杀了一个半小时现在活跃人数确实少了，五灵也抢不到想要的碎片，六万擂台白天都没什么人，这样冷清让耐不住寂寞的人怎么办，希望白鹤区早日合区3希望白鹤区早日合区3希望白鹤区早日合区3希望白鹤区早日合区3希望白鹤区早日合区3希望白鹤区早日合区3希望白鹤区早日合区3希望白鹤区早日合区3希望白鹤区早日合区3希望白鹤区早日合区3希望白鹤区早日合区3希望白鹤区早日合区3希望白鹤区早日合区3希望白鹤区早日合区3希望白鹤区早日合区3希望白鹤区早日合区3希望白鹤区早日合区3希望白鹤区早日合区3希望白鹤区早日合区3希望白鹤区早日合区3希望白鹤区早日合区3希望白鹤区早日合区3希望白鹤区早日合区3希望白鹤区早日合区3希望白鹤区早日合区3希望白鹤区早日合区3希望白鹤区早日合区80', '画面', '百度贴吧', 'http://www.bilibili.com'),
(81, 1, 1, '现在活跃人数确实少了现在活跃人数确实少了现在活跃人数确实少了现在活跃人数确实少了现在活跃人数确实少了81', '活跃人数实在太少夜里星星妖王都没人杀可把我一个人累坏了做完不知道哪个小号猛放妖王让我一个人足足杀了一个半小时现在活跃人数确实少了，五灵也抢不到想要的碎片，六万擂台白天都没什么人，这样冷清让耐不住寂寞的人怎么办，希望白鹤区早日合区3希望白鹤区早日合区3希望白鹤区早日合区3希望白鹤区早日合区3希望白鹤区早日合区3希望白鹤区早日合区3希望白鹤区早日合区3希望白鹤区早日合区3希望白鹤区早日合区3希望白鹤区早日合区3希望白鹤区早日合区3希望白鹤区早日合区3希望白鹤区早日合区3希望白鹤区早日合区3希望白鹤区早日合区3希望白鹤区早日合区3希望白鹤区早日合区3希望白鹤区早日合区3希望白鹤区早日合区3希望白鹤区早日合区3希望白鹤区早日合区3希望白鹤区早日合区3希望白鹤区早日合区3希望白鹤区早日合区3希望白鹤区早日合区3希望白鹤区早日合区3希望白鹤区早日合区81', '画面', '百度贴吧', 'http://www.bilibili.com'),
(82, 1, 1, '现在活跃人数确实少了现在活跃人数确实少了现在活跃人数确实少了现在活跃人数确实少了现在活跃人数确实少了82', '活跃人数实在太少夜里星星妖王都没人杀可把我一个人累坏了做完不知道哪个小号猛放妖王让我一个人足足杀了一个半小时现在活跃人数确实少了，五灵也抢不到想要的碎片，六万擂台白天都没什么人，这样冷清让耐不住寂寞的人怎么办，希望白鹤区早日合区3希望白鹤区早日合区3希望白鹤区早日合区3希望白鹤区早日合区3希望白鹤区早日合区3希望白鹤区早日合区3希望白鹤区早日合区3希望白鹤区早日合区3希望白鹤区早日合区3希望白鹤区早日合区3希望白鹤区早日合区3希望白鹤区早日合区3希望白鹤区早日合区3希望白鹤区早日合区3希望白鹤区早日合区3希望白鹤区早日合区3希望白鹤区早日合区3希望白鹤区早日合区3希望白鹤区早日合区3希望白鹤区早日合区3希望白鹤区早日合区3希望白鹤区早日合区3希望白鹤区早日合区3希望白鹤区早日合区3希望白鹤区早日合区3希望白鹤区早日合区3希望白鹤区早日合区82', '画面', '百度贴吧', 'http://www.bilibili.com'),
(83, 1, 1, '现在活跃人数确实少了现在活跃人数确实少了现在活跃人数确实少了现在活跃人数确实少了现在活跃人数确实少了83', '活跃人数实在太少夜里星星妖王都没人杀可把我一个人累坏了做完不知道哪个小号猛放妖王让我一个人足足杀了一个半小时现在活跃人数确实少了，五灵也抢不到想要的碎片，六万擂台白天都没什么人，这样冷清让耐不住寂寞的人怎么办，希望白鹤区早日合区3希望白鹤区早日合区3希望白鹤区早日合区3希望白鹤区早日合区3希望白鹤区早日合区3希望白鹤区早日合区3希望白鹤区早日合区3希望白鹤区早日合区3希望白鹤区早日合区3希望白鹤区早日合区3希望白鹤区早日合区3希望白鹤区早日合区3希望白鹤区早日合区3希望白鹤区早日合区3希望白鹤区早日合区3希望白鹤区早日合区3希望白鹤区早日合区3希望白鹤区早日合区3希望白鹤区早日合区3希望白鹤区早日合区3希望白鹤区早日合区3希望白鹤区早日合区3希望白鹤区早日合区3希望白鹤区早日合区3希望白鹤区早日合区3希望白鹤区早日合区3希望白鹤区早日合区83', '画面', '百度贴吧', 'http://www.bilibili.com'),
(84, 1, 1, '现在活跃人数确实少了现在活跃人数确实少了现在活跃人数确实少了现在活跃人数确实少了现在活跃人数确实少了84', '活跃人数实在太少夜里星星妖王都没人杀可把我一个人累坏了做完不知道哪个小号猛放妖王让我一个人足足杀了一个半小时现在活跃人数确实少了，五灵也抢不到想要的碎片，六万擂台白天都没什么人，这样冷清让耐不住寂寞的人怎么办，希望白鹤区早日合区3希望白鹤区早日合区3希望白鹤区早日合区3希望白鹤区早日合区3希望白鹤区早日合区3希望白鹤区早日合区3希望白鹤区早日合区3希望白鹤区早日合区3希望白鹤区早日合区3希望白鹤区早日合区3希望白鹤区早日合区3希望白鹤区早日合区3希望白鹤区早日合区3希望白鹤区早日合区3希望白鹤区早日合区3希望白鹤区早日合区3希望白鹤区早日合区3希望白鹤区早日合区3希望白鹤区早日合区3希望白鹤区早日合区3希望白鹤区早日合区3希望白鹤区早日合区3希望白鹤区早日合区3希望白鹤区早日合区3希望白鹤区早日合区3希望白鹤区早日合区3希望白鹤区早日合区84', '画面', '百度贴吧', 'http://www.bilibili.com'),
(85, 1, 1, '现在活跃人数确实少了现在活跃人数确实少了现在活跃人数确实少了现在活跃人数确实少了现在活跃人数确实少了85', '活跃人数实在太少夜里星星妖王都没人杀可把我一个人累坏了做完不知道哪个小号猛放妖王让我一个人足足杀了一个半小时现在活跃人数确实少了，五灵也抢不到想要的碎片，六万擂台白天都没什么人，这样冷清让耐不住寂寞的人怎么办，希望白鹤区早日合区3希望白鹤区早日合区3希望白鹤区早日合区3希望白鹤区早日合区3希望白鹤区早日合区3希望白鹤区早日合区3希望白鹤区早日合区3希望白鹤区早日合区3希望白鹤区早日合区3希望白鹤区早日合区3希望白鹤区早日合区3希望白鹤区早日合区3希望白鹤区早日合区3希望白鹤区早日合区3希望白鹤区早日合区3希望白鹤区早日合区3希望白鹤区早日合区3希望白鹤区早日合区3希望白鹤区早日合区3希望白鹤区早日合区3希望白鹤区早日合区3希望白鹤区早日合区3希望白鹤区早日合区3希望白鹤区早日合区3希望白鹤区早日合区3希望白鹤区早日合区3希望白鹤区早日合区85', '画面', '百度贴吧', 'http://www.bilibili.com'),
(86, 1, 1, '现在活跃人数确实少了现在活跃人数确实少了现在活跃人数确实少了现在活跃人数确实少了现在活跃人数确实少了86', '活跃人数实在太少夜里星星妖王都没人杀可把我一个人累坏了做完不知道哪个小号猛放妖王让我一个人足足杀了一个半小时现在活跃人数确实少了，五灵也抢不到想要的碎片，六万擂台白天都没什么人，这样冷清让耐不住寂寞的人怎么办，希望白鹤区早日合区3希望白鹤区早日合区3希望白鹤区早日合区3希望白鹤区早日合区3希望白鹤区早日合区3希望白鹤区早日合区3希望白鹤区早日合区3希望白鹤区早日合区3希望白鹤区早日合区3希望白鹤区早日合区3希望白鹤区早日合区3希望白鹤区早日合区3希望白鹤区早日合区3希望白鹤区早日合区3希望白鹤区早日合区3希望白鹤区早日合区3希望白鹤区早日合区3希望白鹤区早日合区3希望白鹤区早日合区3希望白鹤区早日合区3希望白鹤区早日合区3希望白鹤区早日合区3希望白鹤区早日合区3希望白鹤区早日合区3希望白鹤区早日合区3希望白鹤区早日合区3希望白鹤区早日合区86', '画面', '百度贴吧', 'http://www.bilibili.com'),
(87, 1, 1, '现在活跃人数确实少了现在活跃人数确实少了现在活跃人数确实少了现在活跃人数确实少了现在活跃人数确实少了87', '活跃人数实在太少夜里星星妖王都没人杀可把我一个人累坏了做完不知道哪个小号猛放妖王让我一个人足足杀了一个半小时现在活跃人数确实少了，五灵也抢不到想要的碎片，六万擂台白天都没什么人，这样冷清让耐不住寂寞的人怎么办，希望白鹤区早日合区3希望白鹤区早日合区3希望白鹤区早日合区3希望白鹤区早日合区3希望白鹤区早日合区3希望白鹤区早日合区3希望白鹤区早日合区3希望白鹤区早日合区3希望白鹤区早日合区3希望白鹤区早日合区3希望白鹤区早日合区3希望白鹤区早日合区3希望白鹤区早日合区3希望白鹤区早日合区3希望白鹤区早日合区3希望白鹤区早日合区3希望白鹤区早日合区3希望白鹤区早日合区3希望白鹤区早日合区3希望白鹤区早日合区3希望白鹤区早日合区3希望白鹤区早日合区3希望白鹤区早日合区3希望白鹤区早日合区3希望白鹤区早日合区3希望白鹤区早日合区3希望白鹤区早日合区87', '画面', '百度贴吧', 'http://www.bilibili.com'),
(88, 1, 1, '现在活跃人数确实少了现在活跃人数确实少了现在活跃人数确实少了现在活跃人数确实少了现在活跃人数确实少了88', '活跃人数实在太少夜里星星妖王都没人杀可把我一个人累坏了做完不知道哪个小号猛放妖王让我一个人足足杀了一个半小时现在活跃人数确实少了，五灵也抢不到想要的碎片，六万擂台白天都没什么人，这样冷清让耐不住寂寞的人怎么办，希望白鹤区早日合区3希望白鹤区早日合区3希望白鹤区早日合区3希望白鹤区早日合区3希望白鹤区早日合区3希望白鹤区早日合区3希望白鹤区早日合区3希望白鹤区早日合区3希望白鹤区早日合区3希望白鹤区早日合区3希望白鹤区早日合区3希望白鹤区早日合区3希望白鹤区早日合区3希望白鹤区早日合区3希望白鹤区早日合区3希望白鹤区早日合区3希望白鹤区早日合区3希望白鹤区早日合区3希望白鹤区早日合区3希望白鹤区早日合区3希望白鹤区早日合区3希望白鹤区早日合区3希望白鹤区早日合区3希望白鹤区早日合区3希望白鹤区早日合区3希望白鹤区早日合区3希望白鹤区早日合区88', '画面', '百度贴吧', 'http://www.bilibili.com'),
(89, 1, 1, '现在活跃人数确实少了现在活跃人数确实少了现在活跃人数确实少了现在活跃人数确实少了现在活跃人数确实少了89', '活跃人数实在太少夜里星星妖王都没人杀可把我一个人累坏了做完不知道哪个小号猛放妖王让我一个人足足杀了一个半小时现在活跃人数确实少了，五灵也抢不到想要的碎片，六万擂台白天都没什么人，这样冷清让耐不住寂寞的人怎么办，希望白鹤区早日合区3希望白鹤区早日合区3希望白鹤区早日合区3希望白鹤区早日合区3希望白鹤区早日合区3希望白鹤区早日合区3希望白鹤区早日合区3希望白鹤区早日合区3希望白鹤区早日合区3希望白鹤区早日合区3希望白鹤区早日合区3希望白鹤区早日合区3希望白鹤区早日合区3希望白鹤区早日合区3希望白鹤区早日合区3希望白鹤区早日合区3希望白鹤区早日合区3希望白鹤区早日合区3希望白鹤区早日合区3希望白鹤区早日合区3希望白鹤区早日合区3希望白鹤区早日合区3希望白鹤区早日合区3希望白鹤区早日合区3希望白鹤区早日合区3希望白鹤区早日合区3希望白鹤区早日合区89', '画面', '百度贴吧', 'http://www.bilibili.com'),
(90, 1, 1, '现在活跃人数确实少了现在活跃人数确实少了现在活跃人数确实少了现在活跃人数确实少了现在活跃人数确实少了90', '活跃人数实在太少夜里星星妖王都没人杀可把我一个人累坏了做完不知道哪个小号猛放妖王让我一个人足足杀了一个半小时现在活跃人数确实少了，五灵也抢不到想要的碎片，六万擂台白天都没什么人，这样冷清让耐不住寂寞的人怎么办，希望白鹤区早日合区3希望白鹤区早日合区3希望白鹤区早日合区3希望白鹤区早日合区3希望白鹤区早日合区3希望白鹤区早日合区3希望白鹤区早日合区3希望白鹤区早日合区3希望白鹤区早日合区3希望白鹤区早日合区3希望白鹤区早日合区3希望白鹤区早日合区3希望白鹤区早日合区3希望白鹤区早日合区3希望白鹤区早日合区3希望白鹤区早日合区3希望白鹤区早日合区3希望白鹤区早日合区3希望白鹤区早日合区3希望白鹤区早日合区3希望白鹤区早日合区3希望白鹤区早日合区3希望白鹤区早日合区3希望白鹤区早日合区3希望白鹤区早日合区3希望白鹤区早日合区3希望白鹤区早日合区90', '画面', '百度贴吧', 'http://www.bilibili.com'),
(91, 1, 1, '现在活跃人数确实少了现在活跃人数确实少了现在活跃人数确实少了现在活跃人数确实少了现在活跃人数确实少了91', '活跃人数实在太少夜里星星妖王都没人杀可把我一个人累坏了做完不知道哪个小号猛放妖王让我一个人足足杀了一个半小时现在活跃人数确实少了，五灵也抢不到想要的碎片，六万擂台白天都没什么人，这样冷清让耐不住寂寞的人怎么办，希望白鹤区早日合区3希望白鹤区早日合区3希望白鹤区早日合区3希望白鹤区早日合区3希望白鹤区早日合区3希望白鹤区早日合区3希望白鹤区早日合区3希望白鹤区早日合区3希望白鹤区早日合区3希望白鹤区早日合区3希望白鹤区早日合区3希望白鹤区早日合区3希望白鹤区早日合区3希望白鹤区早日合区3希望白鹤区早日合区3希望白鹤区早日合区3希望白鹤区早日合区3希望白鹤区早日合区3希望白鹤区早日合区3希望白鹤区早日合区3希望白鹤区早日合区3希望白鹤区早日合区3希望白鹤区早日合区3希望白鹤区早日合区3希望白鹤区早日合区3希望白鹤区早日合区3希望白鹤区早日合区91', '画面', '百度贴吧', 'http://www.bilibili.com'),
(92, 1, 1, '现在活跃人数确实少了现在活跃人数确实少了现在活跃人数确实少了现在活跃人数确实少了现在活跃人数确实少了92', '活跃人数实在太少夜里星星妖王都没人杀可把我一个人累坏了做完不知道哪个小号猛放妖王让我一个人足足杀了一个半小时现在活跃人数确实少了，五灵也抢不到想要的碎片，六万擂台白天都没什么人，这样冷清让耐不住寂寞的人怎么办，希望白鹤区早日合区3希望白鹤区早日合区3希望白鹤区早日合区3希望白鹤区早日合区3希望白鹤区早日合区3希望白鹤区早日合区3希望白鹤区早日合区3希望白鹤区早日合区3希望白鹤区早日合区3希望白鹤区早日合区3希望白鹤区早日合区3希望白鹤区早日合区3希望白鹤区早日合区3希望白鹤区早日合区3希望白鹤区早日合区3希望白鹤区早日合区3希望白鹤区早日合区3希望白鹤区早日合区3希望白鹤区早日合区3希望白鹤区早日合区3希望白鹤区早日合区3希望白鹤区早日合区3希望白鹤区早日合区3希望白鹤区早日合区3希望白鹤区早日合区3希望白鹤区早日合区3希望白鹤区早日合区92', '画面', '百度贴吧', 'http://www.bilibili.com'),
(93, 1, 1, '现在活跃人数确实少了现在活跃人数确实少了现在活跃人数确实少了现在活跃人数确实少了现在活跃人数确实少了93', '活跃人数实在太少夜里星星妖王都没人杀可把我一个人累坏了做完不知道哪个小号猛放妖王让我一个人足足杀了一个半小时现在活跃人数确实少了，五灵也抢不到想要的碎片，六万擂台白天都没什么人，这样冷清让耐不住寂寞的人怎么办，希望白鹤区早日合区3希望白鹤区早日合区3希望白鹤区早日合区3希望白鹤区早日合区3希望白鹤区早日合区3希望白鹤区早日合区3希望白鹤区早日合区3希望白鹤区早日合区3希望白鹤区早日合区3希望白鹤区早日合区3希望白鹤区早日合区3希望白鹤区早日合区3希望白鹤区早日合区3希望白鹤区早日合区3希望白鹤区早日合区3希望白鹤区早日合区3希望白鹤区早日合区3希望白鹤区早日合区3希望白鹤区早日合区3希望白鹤区早日合区3希望白鹤区早日合区3希望白鹤区早日合区3希望白鹤区早日合区3希望白鹤区早日合区3希望白鹤区早日合区3希望白鹤区早日合区3希望白鹤区早日合区93', '画面', '百度贴吧', 'http://www.bilibili.com'),
(94, 1, 1, '现在活跃人数确实少了现在活跃人数确实少了现在活跃人数确实少了现在活跃人数确实少了现在活跃人数确实少了94', '活跃人数实在太少夜里星星妖王都没人杀可把我一个人累坏了做完不知道哪个小号猛放妖王让我一个人足足杀了一个半小时现在活跃人数确实少了，五灵也抢不到想要的碎片，六万擂台白天都没什么人，这样冷清让耐不住寂寞的人怎么办，希望白鹤区早日合区3希望白鹤区早日合区3希望白鹤区早日合区3希望白鹤区早日合区3希望白鹤区早日合区3希望白鹤区早日合区3希望白鹤区早日合区3希望白鹤区早日合区3希望白鹤区早日合区3希望白鹤区早日合区3希望白鹤区早日合区3希望白鹤区早日合区3希望白鹤区早日合区3希望白鹤区早日合区3希望白鹤区早日合区3希望白鹤区早日合区3希望白鹤区早日合区3希望白鹤区早日合区3希望白鹤区早日合区3希望白鹤区早日合区3希望白鹤区早日合区3希望白鹤区早日合区3希望白鹤区早日合区3希望白鹤区早日合区3希望白鹤区早日合区3希望白鹤区早日合区3希望白鹤区早日合区94', '画面', '百度贴吧', 'http://www.bilibili.com'),
(95, 1, 1, '现在活跃人数确实少了现在活跃人数确实少了现在活跃人数确实少了现在活跃人数确实少了现在活跃人数确实少了95', '活跃人数实在太少夜里星星妖王都没人杀可把我一个人累坏了做完不知道哪个小号猛放妖王让我一个人足足杀了一个半小时现在活跃人数确实少了，五灵也抢不到想要的碎片，六万擂台白天都没什么人，这样冷清让耐不住寂寞的人怎么办，希望白鹤区早日合区3希望白鹤区早日合区3希望白鹤区早日合区3希望白鹤区早日合区3希望白鹤区早日合区3希望白鹤区早日合区3希望白鹤区早日合区3希望白鹤区早日合区3希望白鹤区早日合区3希望白鹤区早日合区3希望白鹤区早日合区3希望白鹤区早日合区3希望白鹤区早日合区3希望白鹤区早日合区3希望白鹤区早日合区3希望白鹤区早日合区3希望白鹤区早日合区3希望白鹤区早日合区3希望白鹤区早日合区3希望白鹤区早日合区3希望白鹤区早日合区3希望白鹤区早日合区3希望白鹤区早日合区3希望白鹤区早日合区3希望白鹤区早日合区3希望白鹤区早日合区3希望白鹤区早日合区95', '画面', '百度贴吧', 'http://www.bilibili.com'),
(96, 1, 1, '现在活跃人数确实少了现在活跃人数确实少了现在活跃人数确实少了现在活跃人数确实少了现在活跃人数确实少了96', '活跃人数实在太少夜里星星妖王都没人杀可把我一个人累坏了做完不知道哪个小号猛放妖王让我一个人足足杀了一个半小时现在活跃人数确实少了，五灵也抢不到想要的碎片，六万擂台白天都没什么人，这样冷清让耐不住寂寞的人怎么办，希望白鹤区早日合区3希望白鹤区早日合区3希望白鹤区早日合区3希望白鹤区早日合区3希望白鹤区早日合区3希望白鹤区早日合区3希望白鹤区早日合区3希望白鹤区早日合区3希望白鹤区早日合区3希望白鹤区早日合区3希望白鹤区早日合区3希望白鹤区早日合区3希望白鹤区早日合区3希望白鹤区早日合区3希望白鹤区早日合区3希望白鹤区早日合区3希望白鹤区早日合区3希望白鹤区早日合区3希望白鹤区早日合区3希望白鹤区早日合区3希望白鹤区早日合区3希望白鹤区早日合区3希望白鹤区早日合区3希望白鹤区早日合区3希望白鹤区早日合区3希望白鹤区早日合区3希望白鹤区早日合区96', '画面', '百度贴吧', 'http://www.bilibili.com'),
(97, 1, 1, '现在活跃人数确实少了现在活跃人数确实少了现在活跃人数确实少了现在活跃人数确实少了现在活跃人数确实少了97', '活跃人数实在太少夜里星星妖王都没人杀可把我一个人累坏了做完不知道哪个小号猛放妖王让我一个人足足杀了一个半小时现在活跃人数确实少了，五灵也抢不到想要的碎片，六万擂台白天都没什么人，这样冷清让耐不住寂寞的人怎么办，希望白鹤区早日合区3希望白鹤区早日合区3希望白鹤区早日合区3希望白鹤区早日合区3希望白鹤区早日合区3希望白鹤区早日合区3希望白鹤区早日合区3希望白鹤区早日合区3希望白鹤区早日合区3希望白鹤区早日合区3希望白鹤区早日合区3希望白鹤区早日合区3希望白鹤区早日合区3希望白鹤区早日合区3希望白鹤区早日合区3希望白鹤区早日合区3希望白鹤区早日合区3希望白鹤区早日合区3希望白鹤区早日合区3希望白鹤区早日合区3希望白鹤区早日合区3希望白鹤区早日合区3希望白鹤区早日合区3希望白鹤区早日合区3希望白鹤区早日合区3希望白鹤区早日合区3希望白鹤区早日合区97', '画面', '百度贴吧', 'http://www.bilibili.com'),
(98, 1, 1, '现在活跃人数确实少了现在活跃人数确实少了现在活跃人数确实少了现在活跃人数确实少了现在活跃人数确实少了98', '活跃人数实在太少夜里星星妖王都没人杀可把我一个人累坏了做完不知道哪个小号猛放妖王让我一个人足足杀了一个半小时现在活跃人数确实少了，五灵也抢不到想要的碎片，六万擂台白天都没什么人，这样冷清让耐不住寂寞的人怎么办，希望白鹤区早日合区3希望白鹤区早日合区3希望白鹤区早日合区3希望白鹤区早日合区3希望白鹤区早日合区3希望白鹤区早日合区3希望白鹤区早日合区3希望白鹤区早日合区3希望白鹤区早日合区3希望白鹤区早日合区3希望白鹤区早日合区3希望白鹤区早日合区3希望白鹤区早日合区3希望白鹤区早日合区3希望白鹤区早日合区3希望白鹤区早日合区3希望白鹤区早日合区3希望白鹤区早日合区3希望白鹤区早日合区3希望白鹤区早日合区3希望白鹤区早日合区3希望白鹤区早日合区3希望白鹤区早日合区3希望白鹤区早日合区3希望白鹤区早日合区3希望白鹤区早日合区3希望白鹤区早日合区98', '画面', '百度贴吧', 'http://www.bilibili.com'),
(99, 1, 1, '现在活跃人数确实少了现在活跃人数确实少了现在活跃人数确实少了现在活跃人数确实少了现在活跃人数确实少了99', '活跃人数实在太少夜里星星妖王都没人杀可把我一个人累坏了做完不知道哪个小号猛放妖王让我一个人足足杀了一个半小时现在活跃人数确实少了，五灵也抢不到想要的碎片，六万擂台白天都没什么人，这样冷清让耐不住寂寞的人怎么办，希望白鹤区早日合区3希望白鹤区早日合区3希望白鹤区早日合区3希望白鹤区早日合区3希望白鹤区早日合区3希望白鹤区早日合区3希望白鹤区早日合区3希望白鹤区早日合区3希望白鹤区早日合区3希望白鹤区早日合区3希望白鹤区早日合区3希望白鹤区早日合区3希望白鹤区早日合区3希望白鹤区早日合区3希望白鹤区早日合区3希望白鹤区早日合区3希望白鹤区早日合区3希望白鹤区早日合区3希望白鹤区早日合区3希望白鹤区早日合区3希望白鹤区早日合区3希望白鹤区早日合区3希望白鹤区早日合区3希望白鹤区早日合区3希望白鹤区早日合区3希望白鹤区早日合区3希望白鹤区早日合区99', '画面', '百度贴吧', 'http://www.bilibili.com'),
(100, 1, 1, '现在活跃人数确实少了现在活跃人数确实少了现在活跃人数确实少了现在活跃人数确实少了现在活跃人数确实少了100', '活跃人数实在太少夜里星星妖王都没人杀可把我一个人累坏了做完不知道哪个小号猛放妖王让我一个人足足杀了一个半小时现在活跃人数确实少了，五灵也抢不到想要的碎片，六万擂台白天都没什么人，这样冷清让耐不住寂寞的人怎么办，希望白鹤区早日合区3希望白鹤区早日合区3希望白鹤区早日合区3希望白鹤区早日合区3希望白鹤区早日合区3希望白鹤区早日合区3希望白鹤区早日合区3希望白鹤区早日合区3希望白鹤区早日合区3希望白鹤区早日合区3希望白鹤区早日合区3希望白鹤区早日合区3希望白鹤区早日合区3希望白鹤区早日合区3希望白鹤区早日合区3希望白鹤区早日合区3希望白鹤区早日合区3希望白鹤区早日合区3希望白鹤区早日合区3希望白鹤区早日合区3希望白鹤区早日合区3希望白鹤区早日合区3希望白鹤区早日合区3希望白鹤区早日合区3希望白鹤区早日合区3希望白鹤区早日合区3希望白鹤区早日合区100', '画面', '百度贴吧', 'http://www.bilibili.com');

-- --------------------------------------------------------

--
-- 表的结构 `label_rank`
--

CREATE TABLE IF NOT EXISTS `label_rank` (
  `user_id` varchar(255) COLLATE utf8_unicode_ci NOT NULL,
  `task_group` bigint(11) NOT NULL,
  `rankScoreOld` bigint(11) NOT NULL,
  `rankTaskOld` bigint(11) NOT NULL,
  `rankPrecisionOld` bigint(11) NOT NULL,
  PRIMARY KEY (`user_id`,`task_group`)
) ENGINE=InnoDB DEFAULT CHARSET=utf8 COLLATE=utf8_unicode_ci;

--
-- 转存表中的数据 `label_rank`
--

INSERT INTO `label_rank` (`user_id`, `task_group`, `rankScoreOld`, `rankTaskOld`, `rankPrecisionOld`) VALUES
('gzwanwei', 1, 50, 50, 50),
('hzmazewu', 1, 50, 50, 50),
('hzxiayuanfang', 1, 50, 50, 50),
('hzzhangtengji', 1, 50, 50, 50);

-- --------------------------------------------------------

--
-- 表的结构 `label_task`
--

CREATE TABLE IF NOT EXISTS `label_task` (
  `task_id` bigint(11) NOT NULL,
  `task_group` bigint(11) NOT NULL,
  `start_time` datetime NOT NULL,
  `end_time` datetime NOT NULL,
  `task_title` varchar(500) COLLATE utf8_unicode_ci DEFAULT NULL,
  `commentGame` varchar(100) COLLATE utf8_unicode_ci NOT NULL,
  `dataSource` varchar(100) COLLATE utf8_unicode_ci NOT NULL,
  `dataTime` varchar(100) COLLATE utf8_unicode_ci NOT NULL,
  `taskSize` int(11) NOT NULL,
  `taskType` varchar(100) COLLATE utf8_unicode_ci NOT NULL,
  `generalDesc` varchar(500) COLLATE utf8_unicode_ci NOT NULL,
  PRIMARY KEY (`task_id`,`task_group`)
) ENGINE=InnoDB DEFAULT CHARSET=utf8 COLLATE=utf8_unicode_ci;

--
-- 转存表中的数据 `label_task`
--

INSERT INTO `label_task` (`task_id`, `task_group`, `start_time`, `end_time`, `task_title`, `commentGame`, `dataSource`, `dataTime`, `taskSize`, `taskType`, `generalDesc`) VALUES
(1, 1, '2015-10-13 22:00:00', '2015-12-09 22:00:00', '2015第1期 玩家评论情感倾向任务 001', '炉石传说', '百度贴吧', '2015.10.1~2015.12.1', 100, '情感倾向任务 文字类', '该任务数据来源于“UXData-舆情监控系统”从网上抓取的用户评论。任务目的是标注相关评论语句的情感倾向以及与游戏特征的关系，标注结果将用于评估舆情监控系统中情感分类算法的准确率，以便进行算法迭代和后续通用指数的设计'),
(2, 1, '2015-10-13 22:00:00', '2015-11-13 22:00:00', '2015第1期 玩家评论情感倾向任务 002', '炉石传说', '百度贴吧', '2015.10.1~2015.12.1', 100, '情感倾向任务 文字类', '该任务数据来源于“UXData-舆情监控系统”从网上抓取的用户评论。任务目的是标注相关评论语句的情感倾向以及与游戏特征的关系，标注结果将用于评估舆情监控系统中情感分类算法的准确率，以便进行算法迭代和后续通用指数的设计'),
(3, 1, '2015-10-13 22:00:00', '2015-11-14 22:00:00', '2015第1期 玩家评论情感倾向任务 003', '炉石传说', '百度贴吧', '2015.10.1~2015.12.1', 100, '情感倾向任务 文字类', '该任务数据来源于“UXData-舆情监控系统”从网上抓取的用户评论。任务目的是标注相关评论语句的情感倾向以及与游戏特征的关系，标注结果将用于评估舆情监控系统中情感分类算法的准确率，以便进行算法迭代和后续通用指数的设计'),
(4, 1, '2015-10-13 22:00:00', '2015-11-14 22:00:00', '2015第1期 玩家评论情感倾向任务 004', '炉石传说', '百度贴吧', '2015.10.1~2015.12.1', 100, '情感倾向任务 文字类', '该任务数据来源于“UXData-舆情监控系统”从网上抓取的用户评论。任务目的是标注相关评论语句的情感倾向以及与游戏特征的关系，标注结果将用于评估舆情监控系统中情感分类算法的准确率，以便进行算法迭代和后续通用指数的设计'),
(5, 1, '2015-10-13 22:00:00', '2015-11-15 22:00:00', '2015第1期 玩家评论情感倾向任务 005', '炉石传说', '百度贴吧', '2015.10.1~2015.12.1', 100, '情感倾向任务 文字类', '该任务数据来源于“UXData-舆情监控系统”从网上抓取的用户评论。任务目的是标注相关评论语句的情感倾向以及与游戏特征的关系，标注结果将用于评估舆情监控系统中情感分类算法的准确率，以便进行算法迭代和后续通用指数的设计'),
(6, 1, '2015-10-13 22:00:00', '2015-11-13 22:00:00', '2015第1期 玩家评论情感倾向任务 006', '炉石传说', '百度贴吧', '2015.10.1~2015.12.1', 100, '情感倾向任务 文字类', '该任务数据来源于“UXData-舆情监控系统”从网上抓取的用户评论。任务目的是标注相关评论语句的情感倾向以及与游戏特征的关系，标注结果将用于评估舆情监控系统中情感分类算法的准确率，以便进行算法迭代和后续通用指数的设计'),
(7, 1, '2015-10-13 22:00:00', '2015-11-05 22:00:00', '2015第1期 玩家评论情感倾向任务 007', '炉石传说', '百度贴吧', '2015.10.1~2015.12.1', 100, '情感倾向任务 文字类', '该任务数据来源于“UXData-舆情监控系统”从网上抓取的用户评论。任务目的是标注相关评论语句的情感倾向以及与游戏特征的关系，标注结果将用于评估舆情监控系统中情感分类算法的准确率，以便进行算法迭代和后续通用指数的设计'),
(8, 1, '2015-10-13 22:00:00', '2015-11-05 22:00:00', '2015第1期 玩家评论情感倾向任务 008', '炉石传说', '百度贴吧', '2015.10.1~2015.12.1', 100, '情感倾向任务 文字类', '该任务数据来源于“UXData-舆情监控系统”从网上抓取的用户评论。任务目的是标注相关评论语句的情感倾向以及与游戏特征的关系，标注结果将用于评估舆情监控系统中情感分类算法的准确率，以便进行算法迭代和后续通用指数的设计'),
(9, 1, '2015-10-13 22:00:00', '2015-11-05 22:00:00', '2015第1期 玩家评论情感倾向任务 009', '炉石传说', '百度贴吧', '2015.10.1~2015.12.1', 100, '情感倾向任务 文字类', '该任务数据来源于“UXData-舆情监控系统”从网上抓取的用户评论。任务目的是标注相关评论语句的情感倾向以及与游戏特征的关系，标注结果将用于评估舆情监控系统中情感分类算法的准确率，以便进行算法迭代和后续通用指数的设计'),
(10, 1, '2015-10-13 22:00:00', '2015-11-05 22:00:00', '2015第1期 玩家评论情感倾向任务 010', '炉石传说', '百度贴吧', '2015.10.1~2015.12.1', 100, '情感倾向任务 文字类', '该任务数据来源于“UXData-舆情监控系统”从网上抓取的用户评论。任务目的是标注相关评论语句的情感倾向以及与游戏特征的关系，标注结果将用于评估舆情监控系统中情感分类算法的准确率，以便进行算法迭代和后续通用指数的设计');

-- --------------------------------------------------------

--
-- 表的结构 `label_user`
--

CREATE TABLE IF NOT EXISTS `label_user` (
  `user_id` varchar(255) COLLATE utf8_unicode_ci NOT NULL,
  `task_group` bigint(11) NOT NULL,
  `score` bigint(11) NOT NULL,
  `nTask` bigint(11) NOT NULL,
  `label_precision` float NOT NULL,
  `trendScore` int(11) NOT NULL,
  `trendTask` int(11) NOT NULL,
  `trendPrecision` int(11) NOT NULL,
  PRIMARY KEY (`user_id`,`task_group`)
) ENGINE=InnoDB DEFAULT CHARSET=utf8 COLLATE=utf8_unicode_ci;

--
-- 转存表中的数据 `label_user`
--

INSERT INTO `label_user` (`user_id`, `task_group`, `score`, `nTask`, `label_precision`, `trendScore`, `trendTask`, `trendPrecision`) VALUES
('gzwanwei', 1, 0, 0, 0, 0, 0, 0),
('hzmazewu', 1, 0, 0, 0, 0, 0, 0),
('hzxiayuanfang', 1, 0, 0, 0, 0, 0, 0),
('hzzhangtengji', 1, 0, 0, 0, 0, 0, 0);

-- --------------------------------------------------------

--
-- 表的结构 `label_user_task`
--

CREATE TABLE IF NOT EXISTS `label_user_task` (
  `task_id` bigint(11) NOT NULL,
  `user_id` varchar(255) COLLATE utf8_unicode_ci NOT NULL,
  `task_group` bigint(11) NOT NULL,
  `kappa` float DEFAULT NULL,
  `progress` int(11) NOT NULL,
  `is_finished` int(11) DEFAULT NULL,
  PRIMARY KEY (`task_id`,`task_group`,`user_id`)
) ENGINE=InnoDB DEFAULT CHARSET=utf8 COLLATE=utf8_unicode_ci;

--
-- 转存表中的数据 `label_user_task`
--

INSERT INTO `label_user_task` (`task_id`, `user_id`, `task_group`, `kappa`, `progress`, `is_finished`) VALUES
(1, 'gzwanwei', 1, 0.29, 100, 0),
(1, 'hzxiayuanfang', 1, 0.255, 100, 0),
(1, 'hzzhangtengji', 1, 0.295, 100, 0),
(2, 'gzwanwei', 1, 0.8, 50, 1),
(2, 'hzxiayuanfang', 1, 0, 0, 0),
(3, 'gzwanwei', 1, 0.7, 5, 1),
(3, 'hzxiayuanfang', 1, 0, 0, 0),
(4, 'gzwanwei', 1, 0.6, 5, 1),
(4, 'hzxiayuanfang', 1, 0.7, 100, 1),
(5, 'gzwanwei', 1, 0.5, 5, 1),
(5, 'hzxiayuanfang', 1, 0, 0, 0),
(8, 'hzmazewu', 1, 0, 0, 0),
(10, 'hzxiayuanfang', 1, 0, 0, 0);

/*!40101 SET CHARACTER_SET_CLIENT=@OLD_CHARACTER_SET_CLIENT */;
/*!40101 SET CHARACTER_SET_RESULTS=@OLD_CHARACTER_SET_RESULTS */;
/*!40101 SET COLLATION_CONNECTION=@OLD_COLLATION_CONNECTION */;
