-- phpMyAdmin SQL Dump
-- version 4.1.14
-- http://www.phpmyadmin.net
--
-- Host: 127.0.0.1
-- Generation Time: 2015-09-25 11:33:57
-- 服务器版本： 5.6.17
-- PHP Version: 5.5.12

SET SQL_MODE = "NO_AUTO_VALUE_ON_ZERO";
SET time_zone = "+00:00";


/*!40101 SET @OLD_CHARACTER_SET_CLIENT=@@CHARACTER_SET_CLIENT */;
/*!40101 SET @OLD_CHARACTER_SET_RESULTS=@@CHARACTER_SET_RESULTS */;
/*!40101 SET @OLD_COLLATION_CONNECTION=@@COLLATION_CONNECTION */;
/*!40101 SET NAMES utf8 */;

--
-- Database: `label_netease_gdas_test`
--

-- --------------------------------------------------------

--
-- 表的结构 `label_ods_rst`
--

CREATE TABLE IF NOT EXISTS `label_ods_rst` (
  `ods_sentence_id` bigint(11) NOT NULL,
  `date_id` int(11) NOT NULL,
  `game_id` int(11) NOT NULL,
  `source_id` bigint(11) NOT NULL,
  `comment_id` bigint(11) NOT NULL,
  `sentence_index` int(11) NOT NULL,
  `concept_id` bigint(11) NOT NULL,
  `source_name` varchar(255) COLLATE utf8_unicode_ci DEFAULT NULL,
  `concept_name` varchar(255) COLLATE utf8_unicode_ci DEFAULT NULL,
  `content` varchar(500) COLLATE utf8_unicode_ci DEFAULT NULL,
  `src_content` varchar(3000) COLLATE utf8_unicode_ci DEFAULT NULL,
  `sentiment` float DEFAULT NULL,
  `is_conflict` int(11) DEFAULT NULL,
  `is_relevent` int(11) DEFAULT NULL,
  `task_id` bigint(11) NOT NULL,
  `user_id` varchar(255) COLLATE utf8_unicode_ci NOT NULL,
  PRIMARY KEY (`ods_sentence_id`,`task_id`,`user_id`)
) ENGINE=InnoDB DEFAULT CHARSET=utf8 COLLATE=utf8_unicode_ci;

--
-- 转存表中的数据 `label_ods_rst`
--

INSERT INTO `label_ods_rst` (`ods_sentence_id`, `date_id`, `game_id`, `source_id`, `comment_id`, `sentence_index`, `concept_id`, `source_name`, `concept_name`, `content`, `src_content`, `sentiment`, `is_conflict`, `is_relevent`, `task_id`, `user_id`) VALUES
(1, 20150923, 1, 1, 1, 1, 1, '百度贴吧', '画面', '这个游戏画面真糟', '这个游戏画面真糟，但是还是挺好玩的', -1, 0, 1, 5, 'James'),
(1, 20150923, 1, 1, 1, 1, 1, '百度贴吧', '画面', '这个游戏画面真糟', '这个游戏画面真糟，但是还是挺好玩的', 0, 0, 1, 5, 'John'),
(1, 20150923, 1, 1, 1, 1, 1, '百度贴吧', '画面', '这个游戏画面真糟', '这个游戏画面真糟，但是还是挺好玩的', 0, 0, 1, 5, 'Mary'),
(2, 20150923, 1, 1, 1, 1, 1, '百度贴吧', '画面', '这个游戏画面真糟', '这个游戏画面真糟，但是还是挺好玩的', -1, 0, 1, 5, 'James'),
(2, 20150923, 1, 1, 1, 1, 1, '百度贴吧', '画面', '这个游戏画面真糟', '这个游戏画面真糟，但是还是挺好玩的', 1, 0, 1, 5, 'John'),
(2, 20150923, 1, 1, 1, 1, 1, '百度贴吧', '画面', '这个游戏画面真糟', '这个游戏画面真糟，但是还是挺好玩的', 0, 0, 1, 5, 'Mary'),
(3, 20150923, 1, 1, 1, 1, 1, '百度贴吧', '画面', '这个游戏画面真糟', '这个游戏画面真糟，但是还是挺好玩的', -1, 0, 1, 5, 'James'),
(3, 20150923, 1, 1, 1, 1, 1, '百度贴吧', '画面', '这个游戏画面真糟', '这个游戏画面真糟，但是还是挺好玩的', -1, 0, 1, 5, 'John'),
(3, 20150923, 1, 1, 1, 1, 1, '百度贴吧', '画面', '这个游戏画面真糟', '这个游戏画面真糟，但是还是挺好玩的', 1, 0, 1, 5, 'Mary'),
(4, 20150923, 1, 1, 1, 1, 1, '百度贴吧', '画面', '这个游戏画面真糟', '这个游戏画面真糟，但是还是挺好玩的', 0, 0, 1, 5, 'James'),
(4, 20150923, 1, 1, 1, 1, 1, '百度贴吧', '画面', '这个游戏画面真糟', '这个游戏画面真糟，但是还是挺好玩的', 1, 0, 1, 5, 'John'),
(4, 20150923, 1, 1, 1, 1, 1, '百度贴吧', '画面', '这个游戏画面真糟', '这个游戏画面真糟，但是还是挺好玩的', 0, 0, 1, 5, 'Mary'),
(5, 20150923, 1, 1, 1, 1, 1, '百度贴吧', '画面', '这个游戏画面真糟', '这个游戏画面真糟，但是还是挺好玩的', -1, 0, 1, 5, 'James'),
(5, 20150923, 1, 1, 1, 1, 1, '百度贴吧', '画面', '这个游戏画面真糟', '这个游戏画面真糟，但是还是挺好玩的', 0, 0, 1, 5, 'John'),
(5, 20150923, 1, 1, 1, 1, 1, '百度贴吧', '画面', '这个游戏画面真糟', '这个游戏画面真糟，但是还是挺好玩的', 0, 0, 1, 5, 'Mary'),
(6, 20150923, 1, 1, 1, 1, 1, '百度贴吧', '画面', '这个游戏画面真糟', '这个游戏画面真糟，但是还是挺好玩的', 1, 0, 1, 5, 'James'),
(6, 20150923, 1, 1, 1, 1, 1, '百度贴吧', '画面', '这个游戏画面真糟', '这个游戏画面真糟，但是还是挺好玩的', -1, 0, 1, 5, 'John'),
(6, 20150923, 1, 1, 1, 1, 1, '百度贴吧', '画面', '这个游戏画面真糟', '这个游戏画面真糟，但是还是挺好玩的', 0, 0, 1, 5, 'Mary'),
(7, 20150923, 1, 1, 1, 1, 1, '百度贴吧', '画面', '这个游戏画面真糟', '这个游戏画面真糟，但是还是挺好玩的', 1, 0, 1, 5, 'James'),
(7, 20150923, 1, 1, 1, 1, 1, '百度贴吧', '画面', '这个游戏画面真糟', '这个游戏画面真糟，但是还是挺好玩的', 1, 0, 1, 5, 'John'),
(7, 20150923, 1, 1, 1, 1, 1, '百度贴吧', '画面', '这个游戏画面真糟', '这个游戏画面真糟，但是还是挺好玩的', -1, 0, 1, 5, 'Mary'),
(8, 20150923, 1, 1, 1, 1, 1, '百度贴吧', '画面', '这个游戏画面真糟', '这个游戏画面真糟，但是还是挺好玩的', -1, 0, 1, 5, 'James'),
(8, 20150923, 1, 1, 1, 1, 1, '百度贴吧', '画面', '这个游戏画面真糟', '这个游戏画面真糟，但是还是挺好玩的', 1, 0, 1, 5, 'John'),
(8, 20150923, 1, 1, 1, 1, 1, '百度贴吧', '画面', '这个游戏画面真糟', '这个游戏画面真糟，但是还是挺好玩的', 1, 0, 1, 5, 'Mary'),
(9, 20150923, 1, 1, 1, 1, 1, '百度贴吧', '画面', '这个游戏画面真糟', '这个游戏画面真糟，但是还是挺好玩的', 0, 0, 1, 5, 'James'),
(9, 20150923, 1, 1, 1, 1, 1, '百度贴吧', '画面', '这个游戏画面真糟', '这个游戏画面真糟，但是还是挺好玩的', 1, 0, 1, 5, 'John'),
(9, 20150923, 1, 1, 1, 1, 1, '百度贴吧', '画面', '这个游戏画面真糟', '这个游戏画面真糟，但是还是挺好玩的', 0, 0, 1, 5, 'Mary'),
(10, 20150923, 1, 1, 1, 1, 1, '百度贴吧', '画面', '这个游戏画面真糟', '这个游戏画面真糟，但是还是挺好玩的', 1, 0, 1, 5, 'James'),
(10, 20150923, 1, 1, 1, 1, 1, '百度贴吧', '画面', '这个游戏画面真糟', '这个游戏画面真糟，但是还是挺好玩的', -1, 0, 1, 5, 'John'),
(10, 20150923, 1, 1, 1, 1, 1, '百度贴吧', '画面', '这个游戏画面真糟', '这个游戏画面真糟，但是还是挺好玩的', 1, 0, 1, 5, 'Mary'),
(11, 20150923, 1, 1, 1, 1, 1, '百度贴吧', '画面', '这个游戏画面真糟', '这个游戏画面真糟，但是还是挺好玩的', 1, 0, 1, 5, 'James'),
(11, 20150923, 1, 1, 1, 1, 1, '百度贴吧', '画面', '这个游戏画面真糟', '这个游戏画面真糟，但是还是挺好玩的', 1, 0, 1, 5, 'John'),
(11, 20150923, 1, 1, 1, 1, 1, '百度贴吧', '画面', '这个游戏画面真糟', '这个游戏画面真糟，但是还是挺好玩的', -1, 0, 1, 5, 'Mary'),
(12, 20150923, 1, 1, 1, 1, 1, '百度贴吧', '画面', '这个游戏画面真糟', '这个游戏画面真糟，但是还是挺好玩的', 0, 0, 1, 5, 'James'),
(12, 20150923, 1, 1, 1, 1, 1, '百度贴吧', '画面', '这个游戏画面真糟', '这个游戏画面真糟，但是还是挺好玩的', 0, 0, 1, 5, 'John'),
(12, 20150923, 1, 1, 1, 1, 1, '百度贴吧', '画面', '这个游戏画面真糟', '这个游戏画面真糟，但是还是挺好玩的', -1, 0, 1, 5, 'Mary'),
(13, 20150923, 1, 1, 1, 1, 1, '百度贴吧', '画面', '这个游戏画面真糟', '这个游戏画面真糟，但是还是挺好玩的', 0, 0, 1, 5, 'James'),
(13, 20150923, 1, 1, 1, 1, 1, '百度贴吧', '画面', '这个游戏画面真糟', '这个游戏画面真糟，但是还是挺好玩的', 1, 0, 1, 5, 'John'),
(13, 20150923, 1, 1, 1, 1, 1, '百度贴吧', '画面', '这个游戏画面真糟', '这个游戏画面真糟，但是还是挺好玩的', 0, 0, 1, 5, 'Mary'),
(14, 20150923, 1, 1, 1, 1, 1, '百度贴吧', '画面', '这个游戏画面真糟', '这个游戏画面真糟，但是还是挺好玩的', 0, 0, 1, 5, 'James'),
(14, 20150923, 1, 1, 1, 1, 1, '百度贴吧', '画面', '这个游戏画面真糟', '这个游戏画面真糟，但是还是挺好玩的', -1, 0, 1, 5, 'John'),
(14, 20150923, 1, 1, 1, 1, 1, '百度贴吧', '画面', '这个游戏画面真糟', '这个游戏画面真糟，但是还是挺好玩的', 0, 0, 1, 5, 'Mary'),
(15, 20150923, 1, 1, 1, 1, 1, '百度贴吧', '画面', '这个游戏画面真糟', '这个游戏画面真糟，但是还是挺好玩的', -1, 0, 1, 5, 'James'),
(15, 20150923, 1, 1, 1, 1, 1, '百度贴吧', '画面', '这个游戏画面真糟', '这个游戏画面真糟，但是还是挺好玩的', -1, 0, 1, 5, 'John'),
(15, 20150923, 1, 1, 1, 1, 1, '百度贴吧', '画面', '这个游戏画面真糟', '这个游戏画面真糟，但是还是挺好玩的', 1, 0, 1, 5, 'Mary'),
(16, 20150923, 1, 1, 1, 1, 1, '百度贴吧', '画面', '这个游戏画面真糟', '这个游戏画面真糟，但是还是挺好玩的', -1, 0, 1, 5, 'James'),
(16, 20150923, 1, 1, 1, 1, 1, '百度贴吧', '画面', '这个游戏画面真糟', '这个游戏画面真糟，但是还是挺好玩的', 0, 0, 1, 5, 'John'),
(16, 20150923, 1, 1, 1, 1, 1, '百度贴吧', '画面', '这个游戏画面真糟', '这个游戏画面真糟，但是还是挺好玩的', -1, 0, 1, 5, 'Mary'),
(17, 20150923, 1, 1, 1, 1, 1, '百度贴吧', '画面', '这个游戏画面真糟', '这个游戏画面真糟，但是还是挺好玩的', 1, 0, 1, 5, 'James'),
(17, 20150923, 1, 1, 1, 1, 1, '百度贴吧', '画面', '这个游戏画面真糟', '这个游戏画面真糟，但是还是挺好玩的', 0, 0, 1, 5, 'John'),
(17, 20150923, 1, 1, 1, 1, 1, '百度贴吧', '画面', '这个游戏画面真糟', '这个游戏画面真糟，但是还是挺好玩的', -1, 0, 1, 5, 'Mary'),
(18, 20150923, 1, 1, 1, 1, 1, '百度贴吧', '画面', '这个游戏画面真糟', '这个游戏画面真糟，但是还是挺好玩的', -1, 0, 1, 5, 'James'),
(18, 20150923, 1, 1, 1, 1, 1, '百度贴吧', '画面', '这个游戏画面真糟', '这个游戏画面真糟，但是还是挺好玩的', 0, 0, 1, 5, 'John'),
(18, 20150923, 1, 1, 1, 1, 1, '百度贴吧', '画面', '这个游戏画面真糟', '这个游戏画面真糟，但是还是挺好玩的', -1, 0, 1, 5, 'Mary'),
(19, 20150923, 1, 1, 1, 1, 1, '百度贴吧', '画面', '这个游戏画面真糟', '这个游戏画面真糟，但是还是挺好玩的', -1, 0, 1, 5, 'James'),
(19, 20150923, 1, 1, 1, 1, 1, '百度贴吧', '画面', '这个游戏画面真糟', '这个游戏画面真糟，但是还是挺好玩的', -1, 0, 1, 5, 'John'),
(19, 20150923, 1, 1, 1, 1, 1, '百度贴吧', '画面', '这个游戏画面真糟', '这个游戏画面真糟，但是还是挺好玩的', -1, 0, 1, 5, 'Mary'),
(20, 20150923, 1, 1, 1, 1, 1, '百度贴吧', '画面', '这个游戏画面真糟', '这个游戏画面真糟，但是还是挺好玩的', -1, 0, 1, 5, 'James'),
(20, 20150923, 1, 1, 1, 1, 1, '百度贴吧', '画面', '这个游戏画面真糟', '这个游戏画面真糟，但是还是挺好玩的', -1, 0, 1, 5, 'John'),
(20, 20150923, 1, 1, 1, 1, 1, '百度贴吧', '画面', '这个游戏画面真糟', '这个游戏画面真糟，但是还是挺好玩的', 1, 0, 1, 5, 'Mary'),
(21, 20150923, 1, 1, 1, 1, 1, '百度贴吧', '画面', '这个游戏画面真糟', '这个游戏画面真糟，但是还是挺好玩的', -1, 0, 1, 5, 'James'),
(21, 20150923, 1, 1, 1, 1, 1, '百度贴吧', '画面', '这个游戏画面真糟', '这个游戏画面真糟，但是还是挺好玩的', 0, 0, 1, 5, 'John'),
(21, 20150923, 1, 1, 1, 1, 1, '百度贴吧', '画面', '这个游戏画面真糟', '这个游戏画面真糟，但是还是挺好玩的', 0, 0, 1, 5, 'Mary'),
(22, 20150923, 1, 1, 1, 1, 1, '百度贴吧', '画面', '这个游戏画面真糟', '这个游戏画面真糟，但是还是挺好玩的', -1, 0, 1, 5, 'James'),
(22, 20150923, 1, 1, 1, 1, 1, '百度贴吧', '画面', '这个游戏画面真糟', '这个游戏画面真糟，但是还是挺好玩的', 0, 0, 1, 5, 'John'),
(22, 20150923, 1, 1, 1, 1, 1, '百度贴吧', '画面', '这个游戏画面真糟', '这个游戏画面真糟，但是还是挺好玩的', 0, 0, 1, 5, 'Mary'),
(23, 20150923, 1, 1, 1, 1, 1, '百度贴吧', '画面', '这个游戏画面真糟', '这个游戏画面真糟，但是还是挺好玩的', -1, 0, 1, 5, 'James'),
(23, 20150923, 1, 1, 1, 1, 1, '百度贴吧', '画面', '这个游戏画面真糟', '这个游戏画面真糟，但是还是挺好玩的', 1, 0, 1, 5, 'John'),
(23, 20150923, 1, 1, 1, 1, 1, '百度贴吧', '画面', '这个游戏画面真糟', '这个游戏画面真糟，但是还是挺好玩的', 1, 0, 1, 5, 'Mary'),
(24, 20150923, 1, 1, 1, 1, 1, '百度贴吧', '画面', '这个游戏画面真糟', '这个游戏画面真糟，但是还是挺好玩的', 1, 0, 1, 5, 'James'),
(24, 20150923, 1, 1, 1, 1, 1, '百度贴吧', '画面', '这个游戏画面真糟', '这个游戏画面真糟，但是还是挺好玩的', 0, 0, 1, 5, 'John'),
(24, 20150923, 1, 1, 1, 1, 1, '百度贴吧', '画面', '这个游戏画面真糟', '这个游戏画面真糟，但是还是挺好玩的', 1, 0, 1, 5, 'Mary'),
(25, 20150923, 1, 1, 1, 1, 1, '百度贴吧', '画面', '这个游戏画面真糟', '这个游戏画面真糟，但是还是挺好玩的', 0, 0, 1, 5, 'James'),
(25, 20150923, 1, 1, 1, 1, 1, '百度贴吧', '画面', '这个游戏画面真糟', '这个游戏画面真糟，但是还是挺好玩的', 1, 0, 1, 5, 'John'),
(25, 20150923, 1, 1, 1, 1, 1, '百度贴吧', '画面', '这个游戏画面真糟', '这个游戏画面真糟，但是还是挺好玩的', -1, 0, 1, 5, 'Mary'),
(26, 20150923, 1, 1, 1, 1, 1, '百度贴吧', '画面', '这个游戏画面真糟', '这个游戏画面真糟，但是还是挺好玩的', -1, 0, 1, 5, 'James'),
(26, 20150923, 1, 1, 1, 1, 1, '百度贴吧', '画面', '这个游戏画面真糟', '这个游戏画面真糟，但是还是挺好玩的', -1, 0, 1, 5, 'John'),
(26, 20150923, 1, 1, 1, 1, 1, '百度贴吧', '画面', '这个游戏画面真糟', '这个游戏画面真糟，但是还是挺好玩的', 1, 0, 1, 5, 'Mary'),
(27, 20150923, 1, 1, 1, 1, 1, '百度贴吧', '画面', '这个游戏画面真糟', '这个游戏画面真糟，但是还是挺好玩的', 1, 0, 1, 5, 'James'),
(27, 20150923, 1, 1, 1, 1, 1, '百度贴吧', '画面', '这个游戏画面真糟', '这个游戏画面真糟，但是还是挺好玩的', -1, 0, 1, 5, 'John'),
(27, 20150923, 1, 1, 1, 1, 1, '百度贴吧', '画面', '这个游戏画面真糟', '这个游戏画面真糟，但是还是挺好玩的', -1, 0, 1, 5, 'Mary'),
(28, 20150923, 1, 1, 1, 1, 1, '百度贴吧', '画面', '这个游戏画面真糟', '这个游戏画面真糟，但是还是挺好玩的', 1, 0, 1, 5, 'James'),
(28, 20150923, 1, 1, 1, 1, 1, '百度贴吧', '画面', '这个游戏画面真糟', '这个游戏画面真糟，但是还是挺好玩的', 0, 0, 1, 5, 'John'),
(28, 20150923, 1, 1, 1, 1, 1, '百度贴吧', '画面', '这个游戏画面真糟', '这个游戏画面真糟，但是还是挺好玩的', -1, 0, 1, 5, 'Mary'),
(29, 20150923, 1, 1, 1, 1, 1, '百度贴吧', '画面', '这个游戏画面真糟', '这个游戏画面真糟，但是还是挺好玩的', 0, 0, 1, 5, 'James'),
(29, 20150923, 1, 1, 1, 1, 1, '百度贴吧', '画面', '这个游戏画面真糟', '这个游戏画面真糟，但是还是挺好玩的', -1, 0, 1, 5, 'John'),
(29, 20150923, 1, 1, 1, 1, 1, '百度贴吧', '画面', '这个游戏画面真糟', '这个游戏画面真糟，但是还是挺好玩的', 0, 0, 1, 5, 'Mary'),
(30, 20150923, 1, 1, 1, 1, 1, '百度贴吧', '画面', '这个游戏画面真糟', '这个游戏画面真糟，但是还是挺好玩的', 0, 0, 1, 5, 'James'),
(30, 20150923, 1, 1, 1, 1, 1, '百度贴吧', '画面', '这个游戏画面真糟', '这个游戏画面真糟，但是还是挺好玩的', -1, 0, 1, 5, 'John'),
(30, 20150923, 1, 1, 1, 1, 1, '百度贴吧', '画面', '这个游戏画面真糟', '这个游戏画面真糟，但是还是挺好玩的', 1, 0, 1, 5, 'Mary'),
(31, 20150923, 1, 1, 1, 1, 1, '百度贴吧', '画面', '这个游戏画面真糟', '这个游戏画面真糟，但是还是挺好玩的', -1, 0, 1, 5, 'James'),
(31, 20150923, 1, 1, 1, 1, 1, '百度贴吧', '画面', '这个游戏画面真糟', '这个游戏画面真糟，但是还是挺好玩的', 0, 0, 1, 5, 'John'),
(31, 20150923, 1, 1, 1, 1, 1, '百度贴吧', '画面', '这个游戏画面真糟', '这个游戏画面真糟，但是还是挺好玩的', 0, 0, 1, 5, 'Mary'),
(32, 20150923, 1, 1, 1, 1, 1, '百度贴吧', '画面', '这个游戏画面真糟', '这个游戏画面真糟，但是还是挺好玩的', -1, 0, 1, 5, 'James'),
(32, 20150923, 1, 1, 1, 1, 1, '百度贴吧', '画面', '这个游戏画面真糟', '这个游戏画面真糟，但是还是挺好玩的', -1, 0, 1, 5, 'John'),
(32, 20150923, 1, 1, 1, 1, 1, '百度贴吧', '画面', '这个游戏画面真糟', '这个游戏画面真糟，但是还是挺好玩的', -1, 0, 1, 5, 'Mary'),
(33, 20150923, 1, 1, 1, 1, 1, '百度贴吧', '画面', '这个游戏画面真糟', '这个游戏画面真糟，但是还是挺好玩的', 1, 0, 1, 5, 'James'),
(33, 20150923, 1, 1, 1, 1, 1, '百度贴吧', '画面', '这个游戏画面真糟', '这个游戏画面真糟，但是还是挺好玩的', 1, 0, 1, 5, 'John'),
(33, 20150923, 1, 1, 1, 1, 1, '百度贴吧', '画面', '这个游戏画面真糟', '这个游戏画面真糟，但是还是挺好玩的', 1, 0, 1, 5, 'Mary'),
(34, 20150923, 1, 1, 1, 1, 1, '百度贴吧', '画面', '这个游戏画面真糟', '这个游戏画面真糟，但是还是挺好玩的', 1, 0, 1, 5, 'James'),
(34, 20150923, 1, 1, 1, 1, 1, '百度贴吧', '画面', '这个游戏画面真糟', '这个游戏画面真糟，但是还是挺好玩的', 0, 0, 1, 5, 'John'),
(34, 20150923, 1, 1, 1, 1, 1, '百度贴吧', '画面', '这个游戏画面真糟', '这个游戏画面真糟，但是还是挺好玩的', -1, 0, 1, 5, 'Mary'),
(35, 20150923, 1, 1, 1, 1, 1, '百度贴吧', '画面', '这个游戏画面真糟', '这个游戏画面真糟，但是还是挺好玩的', -1, 0, 1, 5, 'James'),
(35, 20150923, 1, 1, 1, 1, 1, '百度贴吧', '画面', '这个游戏画面真糟', '这个游戏画面真糟，但是还是挺好玩的', 0, 0, 1, 5, 'John'),
(35, 20150923, 1, 1, 1, 1, 1, '百度贴吧', '画面', '这个游戏画面真糟', '这个游戏画面真糟，但是还是挺好玩的', 0, 0, 1, 5, 'Mary'),
(36, 20150923, 1, 1, 1, 1, 1, '百度贴吧', '画面', '这个游戏画面真糟', '这个游戏画面真糟，但是还是挺好玩的', 0, 0, 1, 5, 'James'),
(36, 20150923, 1, 1, 1, 1, 1, '百度贴吧', '画面', '这个游戏画面真糟', '这个游戏画面真糟，但是还是挺好玩的', 0, 0, 1, 5, 'John'),
(36, 20150923, 1, 1, 1, 1, 1, '百度贴吧', '画面', '这个游戏画面真糟', '这个游戏画面真糟，但是还是挺好玩的', 1, 0, 1, 5, 'Mary'),
(37, 20150923, 1, 1, 1, 1, 1, '百度贴吧', '画面', '这个游戏画面真糟', '这个游戏画面真糟，但是还是挺好玩的', 0, 0, 1, 5, 'James'),
(37, 20150923, 1, 1, 1, 1, 1, '百度贴吧', '画面', '这个游戏画面真糟', '这个游戏画面真糟，但是还是挺好玩的', -1, 0, 1, 5, 'John'),
(37, 20150923, 1, 1, 1, 1, 1, '百度贴吧', '画面', '这个游戏画面真糟', '这个游戏画面真糟，但是还是挺好玩的', 1, 0, 1, 5, 'Mary'),
(38, 20150923, 1, 1, 1, 1, 1, '百度贴吧', '画面', '这个游戏画面真糟', '这个游戏画面真糟，但是还是挺好玩的', -1, 0, 1, 5, 'James'),
(38, 20150923, 1, 1, 1, 1, 1, '百度贴吧', '画面', '这个游戏画面真糟', '这个游戏画面真糟，但是还是挺好玩的', -1, 0, 1, 5, 'John'),
(38, 20150923, 1, 1, 1, 1, 1, '百度贴吧', '画面', '这个游戏画面真糟', '这个游戏画面真糟，但是还是挺好玩的', 1, 0, 1, 5, 'Mary'),
(39, 20150923, 1, 1, 1, 1, 1, '百度贴吧', '画面', '这个游戏画面真糟', '这个游戏画面真糟，但是还是挺好玩的', 1, 0, 1, 5, 'James'),
(39, 20150923, 1, 1, 1, 1, 1, '百度贴吧', '画面', '这个游戏画面真糟', '这个游戏画面真糟，但是还是挺好玩的', 1, 0, 1, 5, 'John'),
(39, 20150923, 1, 1, 1, 1, 1, '百度贴吧', '画面', '这个游戏画面真糟', '这个游戏画面真糟，但是还是挺好玩的', 0, 0, 1, 5, 'Mary'),
(40, 20150923, 1, 1, 1, 1, 1, '百度贴吧', '画面', '这个游戏画面真糟', '这个游戏画面真糟，但是还是挺好玩的', 0, 0, 1, 5, 'James'),
(40, 20150923, 1, 1, 1, 1, 1, '百度贴吧', '画面', '这个游戏画面真糟', '这个游戏画面真糟，但是还是挺好玩的', -1, 0, 1, 5, 'John'),
(40, 20150923, 1, 1, 1, 1, 1, '百度贴吧', '画面', '这个游戏画面真糟', '这个游戏画面真糟，但是还是挺好玩的', 0, 0, 1, 5, 'Mary'),
(41, 20150923, 1, 1, 1, 1, 1, '百度贴吧', '画面', '这个游戏画面真糟', '这个游戏画面真糟，但是还是挺好玩的', -1, 0, 1, 5, 'James'),
(41, 20150923, 1, 1, 1, 1, 1, '百度贴吧', '画面', '这个游戏画面真糟', '这个游戏画面真糟，但是还是挺好玩的', -1, 0, 1, 5, 'John'),
(41, 20150923, 1, 1, 1, 1, 1, '百度贴吧', '画面', '这个游戏画面真糟', '这个游戏画面真糟，但是还是挺好玩的', -1, 0, 1, 5, 'Mary'),
(42, 20150923, 1, 1, 1, 1, 1, '百度贴吧', '画面', '这个游戏画面真糟', '这个游戏画面真糟，但是还是挺好玩的', -1, 0, 1, 5, 'James'),
(42, 20150923, 1, 1, 1, 1, 1, '百度贴吧', '画面', '这个游戏画面真糟', '这个游戏画面真糟，但是还是挺好玩的', 0, 0, 1, 5, 'John'),
(42, 20150923, 1, 1, 1, 1, 1, '百度贴吧', '画面', '这个游戏画面真糟', '这个游戏画面真糟，但是还是挺好玩的', 0, 0, 1, 5, 'Mary'),
(43, 20150923, 1, 1, 1, 1, 1, '百度贴吧', '画面', '这个游戏画面真糟', '这个游戏画面真糟，但是还是挺好玩的', 0, 0, 1, 5, 'James'),
(43, 20150923, 1, 1, 1, 1, 1, '百度贴吧', '画面', '这个游戏画面真糟', '这个游戏画面真糟，但是还是挺好玩的', 1, 0, 1, 5, 'John'),
(43, 20150923, 1, 1, 1, 1, 1, '百度贴吧', '画面', '这个游戏画面真糟', '这个游戏画面真糟，但是还是挺好玩的', -1, 0, 1, 5, 'Mary'),
(44, 20150923, 1, 1, 1, 1, 1, '百度贴吧', '画面', '这个游戏画面真糟', '这个游戏画面真糟，但是还是挺好玩的', -1, 0, 1, 5, 'James'),
(44, 20150923, 1, 1, 1, 1, 1, '百度贴吧', '画面', '这个游戏画面真糟', '这个游戏画面真糟，但是还是挺好玩的', 0, 0, 1, 5, 'John'),
(44, 20150923, 1, 1, 1, 1, 1, '百度贴吧', '画面', '这个游戏画面真糟', '这个游戏画面真糟，但是还是挺好玩的', -1, 0, 1, 5, 'Mary'),
(45, 20150923, 1, 1, 1, 1, 1, '百度贴吧', '画面', '这个游戏画面真糟', '这个游戏画面真糟，但是还是挺好玩的', 0, 0, 1, 5, 'James'),
(45, 20150923, 1, 1, 1, 1, 1, '百度贴吧', '画面', '这个游戏画面真糟', '这个游戏画面真糟，但是还是挺好玩的', 0, 0, 1, 5, 'John'),
(45, 20150923, 1, 1, 1, 1, 1, '百度贴吧', '画面', '这个游戏画面真糟', '这个游戏画面真糟，但是还是挺好玩的', 0, 0, 1, 5, 'Mary'),
(46, 20150923, 1, 1, 1, 1, 1, '百度贴吧', '画面', '这个游戏画面真糟', '这个游戏画面真糟，但是还是挺好玩的', 1, 0, 1, 5, 'James'),
(46, 20150923, 1, 1, 1, 1, 1, '百度贴吧', '画面', '这个游戏画面真糟', '这个游戏画面真糟，但是还是挺好玩的', -1, 0, 1, 5, 'John'),
(46, 20150923, 1, 1, 1, 1, 1, '百度贴吧', '画面', '这个游戏画面真糟', '这个游戏画面真糟，但是还是挺好玩的', 1, 0, 1, 5, 'Mary'),
(47, 20150923, 1, 1, 1, 1, 1, '百度贴吧', '画面', '这个游戏画面真糟', '这个游戏画面真糟，但是还是挺好玩的', -1, 0, 1, 5, 'James'),
(47, 20150923, 1, 1, 1, 1, 1, '百度贴吧', '画面', '这个游戏画面真糟', '这个游戏画面真糟，但是还是挺好玩的', 0, 0, 1, 5, 'John'),
(47, 20150923, 1, 1, 1, 1, 1, '百度贴吧', '画面', '这个游戏画面真糟', '这个游戏画面真糟，但是还是挺好玩的', -1, 0, 1, 5, 'Mary'),
(48, 20150923, 1, 1, 1, 1, 1, '百度贴吧', '画面', '这个游戏画面真糟', '这个游戏画面真糟，但是还是挺好玩的', 1, 0, 1, 5, 'James'),
(48, 20150923, 1, 1, 1, 1, 1, '百度贴吧', '画面', '这个游戏画面真糟', '这个游戏画面真糟，但是还是挺好玩的', 1, 0, 1, 5, 'John'),
(48, 20150923, 1, 1, 1, 1, 1, '百度贴吧', '画面', '这个游戏画面真糟', '这个游戏画面真糟，但是还是挺好玩的', 0, 0, 1, 5, 'Mary'),
(49, 20150923, 1, 1, 1, 1, 1, '百度贴吧', '画面', '这个游戏画面真糟', '这个游戏画面真糟，但是还是挺好玩的', -1, 0, 1, 5, 'James'),
(49, 20150923, 1, 1, 1, 1, 1, '百度贴吧', '画面', '这个游戏画面真糟', '这个游戏画面真糟，但是还是挺好玩的', 1, 0, 1, 5, 'John'),
(49, 20150923, 1, 1, 1, 1, 1, '百度贴吧', '画面', '这个游戏画面真糟', '这个游戏画面真糟，但是还是挺好玩的', -1, 0, 1, 5, 'Mary'),
(50, 20150923, 1, 1, 1, 1, 1, '百度贴吧', '画面', '这个游戏画面真糟', '这个游戏画面真糟，但是还是挺好玩的', 0, 0, 1, 5, 'James'),
(50, 20150923, 1, 1, 1, 1, 1, '百度贴吧', '画面', '这个游戏画面真糟', '这个游戏画面真糟，但是还是挺好玩的', 0, 0, 1, 5, 'John'),
(50, 20150923, 1, 1, 1, 1, 1, '百度贴吧', '画面', '这个游戏画面真糟', '这个游戏画面真糟，但是还是挺好玩的', 0, 0, 1, 5, 'Mary'),
(51, 20150923, 1, 1, 1, 1, 1, '百度贴吧', '画面', '这个游戏画面真糟', '这个游戏画面真糟，但是还是挺好玩的', 0, 0, 1, 5, 'James'),
(51, 20150923, 1, 1, 1, 1, 1, '百度贴吧', '画面', '这个游戏画面真糟', '这个游戏画面真糟，但是还是挺好玩的', 0, 0, 1, 5, 'John'),
(51, 20150923, 1, 1, 1, 1, 1, '百度贴吧', '画面', '这个游戏画面真糟', '这个游戏画面真糟，但是还是挺好玩的', 0, 0, 1, 5, 'Mary'),
(52, 20150923, 1, 1, 1, 1, 1, '百度贴吧', '画面', '这个游戏画面真糟', '这个游戏画面真糟，但是还是挺好玩的', -1, 0, 1, 5, 'James'),
(52, 20150923, 1, 1, 1, 1, 1, '百度贴吧', '画面', '这个游戏画面真糟', '这个游戏画面真糟，但是还是挺好玩的', 0, 0, 1, 5, 'John'),
(52, 20150923, 1, 1, 1, 1, 1, '百度贴吧', '画面', '这个游戏画面真糟', '这个游戏画面真糟，但是还是挺好玩的', 1, 0, 1, 5, 'Mary'),
(53, 20150923, 1, 1, 1, 1, 1, '百度贴吧', '画面', '这个游戏画面真糟', '这个游戏画面真糟，但是还是挺好玩的', -1, 0, 1, 5, 'James'),
(53, 20150923, 1, 1, 1, 1, 1, '百度贴吧', '画面', '这个游戏画面真糟', '这个游戏画面真糟，但是还是挺好玩的', -1, 0, 1, 5, 'John'),
(53, 20150923, 1, 1, 1, 1, 1, '百度贴吧', '画面', '这个游戏画面真糟', '这个游戏画面真糟，但是还是挺好玩的', 1, 0, 1, 5, 'Mary'),
(54, 20150923, 1, 1, 1, 1, 1, '百度贴吧', '画面', '这个游戏画面真糟', '这个游戏画面真糟，但是还是挺好玩的', 0, 0, 1, 5, 'James'),
(54, 20150923, 1, 1, 1, 1, 1, '百度贴吧', '画面', '这个游戏画面真糟', '这个游戏画面真糟，但是还是挺好玩的', 1, 0, 1, 5, 'John'),
(54, 20150923, 1, 1, 1, 1, 1, '百度贴吧', '画面', '这个游戏画面真糟', '这个游戏画面真糟，但是还是挺好玩的', 0, 0, 1, 5, 'Mary'),
(55, 20150923, 1, 1, 1, 1, 1, '百度贴吧', '画面', '这个游戏画面真糟', '这个游戏画面真糟，但是还是挺好玩的', 1, 0, 1, 5, 'James'),
(55, 20150923, 1, 1, 1, 1, 1, '百度贴吧', '画面', '这个游戏画面真糟', '这个游戏画面真糟，但是还是挺好玩的', 1, 0, 1, 5, 'John'),
(55, 20150923, 1, 1, 1, 1, 1, '百度贴吧', '画面', '这个游戏画面真糟', '这个游戏画面真糟，但是还是挺好玩的', 1, 0, 1, 5, 'Mary'),
(56, 20150923, 1, 1, 1, 1, 1, '百度贴吧', '画面', '这个游戏画面真糟', '这个游戏画面真糟，但是还是挺好玩的', 1, 0, 1, 5, 'James'),
(56, 20150923, 1, 1, 1, 1, 1, '百度贴吧', '画面', '这个游戏画面真糟', '这个游戏画面真糟，但是还是挺好玩的', 1, 0, 1, 5, 'John'),
(56, 20150923, 1, 1, 1, 1, 1, '百度贴吧', '画面', '这个游戏画面真糟', '这个游戏画面真糟，但是还是挺好玩的', -1, 0, 1, 5, 'Mary'),
(57, 20150923, 1, 1, 1, 1, 1, '百度贴吧', '画面', '这个游戏画面真糟', '这个游戏画面真糟，但是还是挺好玩的', -1, 0, 1, 5, 'James'),
(57, 20150923, 1, 1, 1, 1, 1, '百度贴吧', '画面', '这个游戏画面真糟', '这个游戏画面真糟，但是还是挺好玩的', -1, 0, 1, 5, 'John'),
(57, 20150923, 1, 1, 1, 1, 1, '百度贴吧', '画面', '这个游戏画面真糟', '这个游戏画面真糟，但是还是挺好玩的', 1, 0, 1, 5, 'Mary'),
(58, 20150923, 1, 1, 1, 1, 1, '百度贴吧', '画面', '这个游戏画面真糟', '这个游戏画面真糟，但是还是挺好玩的', 0, 0, 1, 5, 'James'),
(58, 20150923, 1, 1, 1, 1, 1, '百度贴吧', '画面', '这个游戏画面真糟', '这个游戏画面真糟，但是还是挺好玩的', 0, 0, 1, 5, 'John'),
(58, 20150923, 1, 1, 1, 1, 1, '百度贴吧', '画面', '这个游戏画面真糟', '这个游戏画面真糟，但是还是挺好玩的', -1, 0, 1, 5, 'Mary'),
(59, 20150923, 1, 1, 1, 1, 1, '百度贴吧', '画面', '这个游戏画面真糟', '这个游戏画面真糟，但是还是挺好玩的', -1, 0, 1, 5, 'James'),
(59, 20150923, 1, 1, 1, 1, 1, '百度贴吧', '画面', '这个游戏画面真糟', '这个游戏画面真糟，但是还是挺好玩的', 0, 0, 1, 5, 'John'),
(59, 20150923, 1, 1, 1, 1, 1, '百度贴吧', '画面', '这个游戏画面真糟', '这个游戏画面真糟，但是还是挺好玩的', -1, 0, 1, 5, 'Mary'),
(60, 20150923, 1, 1, 1, 1, 1, '百度贴吧', '画面', '这个游戏画面真糟', '这个游戏画面真糟，但是还是挺好玩的', -1, 0, 1, 5, 'James'),
(60, 20150923, 1, 1, 1, 1, 1, '百度贴吧', '画面', '这个游戏画面真糟', '这个游戏画面真糟，但是还是挺好玩的', 1, 0, 1, 5, 'John'),
(60, 20150923, 1, 1, 1, 1, 1, '百度贴吧', '画面', '这个游戏画面真糟', '这个游戏画面真糟，但是还是挺好玩的', 1, 0, 1, 5, 'Mary'),
(61, 20150923, 1, 1, 1, 1, 1, '百度贴吧', '画面', '这个游戏画面真糟', '这个游戏画面真糟，但是还是挺好玩的', 0, 0, 1, 5, 'James'),
(61, 20150923, 1, 1, 1, 1, 1, '百度贴吧', '画面', '这个游戏画面真糟', '这个游戏画面真糟，但是还是挺好玩的', -1, 0, 1, 5, 'John'),
(61, 20150923, 1, 1, 1, 1, 1, '百度贴吧', '画面', '这个游戏画面真糟', '这个游戏画面真糟，但是还是挺好玩的', -1, 0, 1, 5, 'Mary'),
(62, 20150923, 1, 1, 1, 1, 1, '百度贴吧', '画面', '这个游戏画面真糟', '这个游戏画面真糟，但是还是挺好玩的', 0, 0, 1, 5, 'James'),
(62, 20150923, 1, 1, 1, 1, 1, '百度贴吧', '画面', '这个游戏画面真糟', '这个游戏画面真糟，但是还是挺好玩的', 0, 0, 1, 5, 'John'),
(62, 20150923, 1, 1, 1, 1, 1, '百度贴吧', '画面', '这个游戏画面真糟', '这个游戏画面真糟，但是还是挺好玩的', 0, 0, 1, 5, 'Mary'),
(63, 20150923, 1, 1, 1, 1, 1, '百度贴吧', '画面', '这个游戏画面真糟', '这个游戏画面真糟，但是还是挺好玩的', 1, 0, 1, 5, 'James'),
(63, 20150923, 1, 1, 1, 1, 1, '百度贴吧', '画面', '这个游戏画面真糟', '这个游戏画面真糟，但是还是挺好玩的', 1, 0, 1, 5, 'John'),
(63, 20150923, 1, 1, 1, 1, 1, '百度贴吧', '画面', '这个游戏画面真糟', '这个游戏画面真糟，但是还是挺好玩的', 1, 0, 1, 5, 'Mary'),
(64, 20150923, 1, 1, 1, 1, 1, '百度贴吧', '画面', '这个游戏画面真糟', '这个游戏画面真糟，但是还是挺好玩的', 1, 0, 1, 5, 'James'),
(64, 20150923, 1, 1, 1, 1, 1, '百度贴吧', '画面', '这个游戏画面真糟', '这个游戏画面真糟，但是还是挺好玩的', -1, 0, 1, 5, 'John'),
(64, 20150923, 1, 1, 1, 1, 1, '百度贴吧', '画面', '这个游戏画面真糟', '这个游戏画面真糟，但是还是挺好玩的', 1, 0, 1, 5, 'Mary'),
(65, 20150923, 1, 1, 1, 1, 1, '百度贴吧', '画面', '这个游戏画面真糟', '这个游戏画面真糟，但是还是挺好玩的', -1, 0, 1, 5, 'James'),
(65, 20150923, 1, 1, 1, 1, 1, '百度贴吧', '画面', '这个游戏画面真糟', '这个游戏画面真糟，但是还是挺好玩的', 0, 0, 1, 5, 'John'),
(65, 20150923, 1, 1, 1, 1, 1, '百度贴吧', '画面', '这个游戏画面真糟', '这个游戏画面真糟，但是还是挺好玩的', 1, 0, 1, 5, 'Mary'),
(66, 20150923, 1, 1, 1, 1, 1, '百度贴吧', '画面', '这个游戏画面真糟', '这个游戏画面真糟，但是还是挺好玩的', -1, 0, 1, 5, 'James'),
(66, 20150923, 1, 1, 1, 1, 1, '百度贴吧', '画面', '这个游戏画面真糟', '这个游戏画面真糟，但是还是挺好玩的', 1, 0, 1, 5, 'John'),
(66, 20150923, 1, 1, 1, 1, 1, '百度贴吧', '画面', '这个游戏画面真糟', '这个游戏画面真糟，但是还是挺好玩的', 0, 0, 1, 5, 'Mary'),
(67, 20150923, 1, 1, 1, 1, 1, '百度贴吧', '画面', '这个游戏画面真糟', '这个游戏画面真糟，但是还是挺好玩的', 1, 0, 1, 5, 'James'),
(67, 20150923, 1, 1, 1, 1, 1, '百度贴吧', '画面', '这个游戏画面真糟', '这个游戏画面真糟，但是还是挺好玩的', -1, 0, 1, 5, 'John'),
(67, 20150923, 1, 1, 1, 1, 1, '百度贴吧', '画面', '这个游戏画面真糟', '这个游戏画面真糟，但是还是挺好玩的', 1, 0, 1, 5, 'Mary'),
(68, 20150923, 1, 1, 1, 1, 1, '百度贴吧', '画面', '这个游戏画面真糟', '这个游戏画面真糟，但是还是挺好玩的', -1, 0, 1, 5, 'James'),
(68, 20150923, 1, 1, 1, 1, 1, '百度贴吧', '画面', '这个游戏画面真糟', '这个游戏画面真糟，但是还是挺好玩的', 0, 0, 1, 5, 'John'),
(68, 20150923, 1, 1, 1, 1, 1, '百度贴吧', '画面', '这个游戏画面真糟', '这个游戏画面真糟，但是还是挺好玩的', -1, 0, 1, 5, 'Mary'),
(69, 20150923, 1, 1, 1, 1, 1, '百度贴吧', '画面', '这个游戏画面真糟', '这个游戏画面真糟，但是还是挺好玩的', 0, 0, 1, 5, 'James'),
(69, 20150923, 1, 1, 1, 1, 1, '百度贴吧', '画面', '这个游戏画面真糟', '这个游戏画面真糟，但是还是挺好玩的', -1, 0, 1, 5, 'John'),
(69, 20150923, 1, 1, 1, 1, 1, '百度贴吧', '画面', '这个游戏画面真糟', '这个游戏画面真糟，但是还是挺好玩的', 0, 0, 1, 5, 'Mary'),
(70, 20150923, 1, 1, 1, 1, 1, '百度贴吧', '画面', '这个游戏画面真糟', '这个游戏画面真糟，但是还是挺好玩的', 1, 0, 1, 5, 'James'),
(70, 20150923, 1, 1, 1, 1, 1, '百度贴吧', '画面', '这个游戏画面真糟', '这个游戏画面真糟，但是还是挺好玩的', -1, 0, 1, 5, 'John'),
(70, 20150923, 1, 1, 1, 1, 1, '百度贴吧', '画面', '这个游戏画面真糟', '这个游戏画面真糟，但是还是挺好玩的', 1, 0, 1, 5, 'Mary'),
(71, 20150923, 1, 1, 1, 1, 1, '百度贴吧', '画面', '这个游戏画面真糟', '这个游戏画面真糟，但是还是挺好玩的', -1, 0, 1, 5, 'James'),
(71, 20150923, 1, 1, 1, 1, 1, '百度贴吧', '画面', '这个游戏画面真糟', '这个游戏画面真糟，但是还是挺好玩的', 1, 0, 1, 5, 'John'),
(71, 20150923, 1, 1, 1, 1, 1, '百度贴吧', '画面', '这个游戏画面真糟', '这个游戏画面真糟，但是还是挺好玩的', 0, 0, 1, 5, 'Mary'),
(72, 20150923, 1, 1, 1, 1, 1, '百度贴吧', '画面', '这个游戏画面真糟', '这个游戏画面真糟，但是还是挺好玩的', -1, 0, 1, 5, 'James'),
(72, 20150923, 1, 1, 1, 1, 1, '百度贴吧', '画面', '这个游戏画面真糟', '这个游戏画面真糟，但是还是挺好玩的', 1, 0, 1, 5, 'John'),
(72, 20150923, 1, 1, 1, 1, 1, '百度贴吧', '画面', '这个游戏画面真糟', '这个游戏画面真糟，但是还是挺好玩的', -1, 0, 1, 5, 'Mary'),
(73, 20150923, 1, 1, 1, 1, 1, '百度贴吧', '画面', '这个游戏画面真糟', '这个游戏画面真糟，但是还是挺好玩的', -1, 0, 1, 5, 'James'),
(73, 20150923, 1, 1, 1, 1, 1, '百度贴吧', '画面', '这个游戏画面真糟', '这个游戏画面真糟，但是还是挺好玩的', -1, 0, 1, 5, 'John'),
(73, 20150923, 1, 1, 1, 1, 1, '百度贴吧', '画面', '这个游戏画面真糟', '这个游戏画面真糟，但是还是挺好玩的', 1, 0, 1, 5, 'Mary'),
(74, 20150923, 1, 1, 1, 1, 1, '百度贴吧', '画面', '这个游戏画面真糟', '这个游戏画面真糟，但是还是挺好玩的', 0, 0, 1, 5, 'James'),
(74, 20150923, 1, 1, 1, 1, 1, '百度贴吧', '画面', '这个游戏画面真糟', '这个游戏画面真糟，但是还是挺好玩的', -1, 0, 1, 5, 'John'),
(74, 20150923, 1, 1, 1, 1, 1, '百度贴吧', '画面', '这个游戏画面真糟', '这个游戏画面真糟，但是还是挺好玩的', 0, 0, 1, 5, 'Mary'),
(75, 20150923, 1, 1, 1, 1, 1, '百度贴吧', '画面', '这个游戏画面真糟', '这个游戏画面真糟，但是还是挺好玩的', 1, 0, 1, 5, 'James'),
(75, 20150923, 1, 1, 1, 1, 1, '百度贴吧', '画面', '这个游戏画面真糟', '这个游戏画面真糟，但是还是挺好玩的', -1, 0, 1, 5, 'John'),
(75, 20150923, 1, 1, 1, 1, 1, '百度贴吧', '画面', '这个游戏画面真糟', '这个游戏画面真糟，但是还是挺好玩的', 0, 0, 1, 5, 'Mary'),
(76, 20150923, 1, 1, 1, 1, 1, '百度贴吧', '画面', '这个游戏画面真糟', '这个游戏画面真糟，但是还是挺好玩的', 1, 0, 1, 5, 'James'),
(76, 20150923, 1, 1, 1, 1, 1, '百度贴吧', '画面', '这个游戏画面真糟', '这个游戏画面真糟，但是还是挺好玩的', 1, 0, 1, 5, 'John'),
(76, 20150923, 1, 1, 1, 1, 1, '百度贴吧', '画面', '这个游戏画面真糟', '这个游戏画面真糟，但是还是挺好玩的', 0, 0, 1, 5, 'Mary'),
(77, 20150923, 1, 1, 1, 1, 1, '百度贴吧', '画面', '这个游戏画面真糟', '这个游戏画面真糟，但是还是挺好玩的', 1, 0, 1, 5, 'James'),
(77, 20150923, 1, 1, 1, 1, 1, '百度贴吧', '画面', '这个游戏画面真糟', '这个游戏画面真糟，但是还是挺好玩的', 1, 0, 1, 5, 'John'),
(77, 20150923, 1, 1, 1, 1, 1, '百度贴吧', '画面', '这个游戏画面真糟', '这个游戏画面真糟，但是还是挺好玩的', 1, 0, 1, 5, 'Mary'),
(78, 20150923, 1, 1, 1, 1, 1, '百度贴吧', '画面', '这个游戏画面真糟', '这个游戏画面真糟，但是还是挺好玩的', -1, 0, 1, 5, 'James'),
(78, 20150923, 1, 1, 1, 1, 1, '百度贴吧', '画面', '这个游戏画面真糟', '这个游戏画面真糟，但是还是挺好玩的', 1, 0, 1, 5, 'John'),
(78, 20150923, 1, 1, 1, 1, 1, '百度贴吧', '画面', '这个游戏画面真糟', '这个游戏画面真糟，但是还是挺好玩的', 0, 0, 1, 5, 'Mary'),
(79, 20150923, 1, 1, 1, 1, 1, '百度贴吧', '画面', '这个游戏画面真糟', '这个游戏画面真糟，但是还是挺好玩的', -1, 0, 1, 5, 'James'),
(79, 20150923, 1, 1, 1, 1, 1, '百度贴吧', '画面', '这个游戏画面真糟', '这个游戏画面真糟，但是还是挺好玩的', 0, 0, 1, 5, 'John'),
(79, 20150923, 1, 1, 1, 1, 1, '百度贴吧', '画面', '这个游戏画面真糟', '这个游戏画面真糟，但是还是挺好玩的', -1, 0, 1, 5, 'Mary'),
(80, 20150923, 1, 1, 1, 1, 1, '百度贴吧', '画面', '这个游戏画面真糟', '这个游戏画面真糟，但是还是挺好玩的', -1, 0, 1, 5, 'James'),
(80, 20150923, 1, 1, 1, 1, 1, '百度贴吧', '画面', '这个游戏画面真糟', '这个游戏画面真糟，但是还是挺好玩的', 1, 0, 1, 5, 'John'),
(80, 20150923, 1, 1, 1, 1, 1, '百度贴吧', '画面', '这个游戏画面真糟', '这个游戏画面真糟，但是还是挺好玩的', 1, 0, 1, 5, 'Mary'),
(81, 20150923, 1, 1, 1, 1, 1, '百度贴吧', '画面', '这个游戏画面真糟', '这个游戏画面真糟，但是还是挺好玩的', -1, 0, 1, 5, 'James'),
(81, 20150923, 1, 1, 1, 1, 1, '百度贴吧', '画面', '这个游戏画面真糟', '这个游戏画面真糟，但是还是挺好玩的', 1, 0, 1, 5, 'John'),
(81, 20150923, 1, 1, 1, 1, 1, '百度贴吧', '画面', '这个游戏画面真糟', '这个游戏画面真糟，但是还是挺好玩的', -1, 0, 1, 5, 'Mary'),
(82, 20150923, 1, 1, 1, 1, 1, '百度贴吧', '画面', '这个游戏画面真糟', '这个游戏画面真糟，但是还是挺好玩的', 1, 0, 1, 5, 'James'),
(82, 20150923, 1, 1, 1, 1, 1, '百度贴吧', '画面', '这个游戏画面真糟', '这个游戏画面真糟，但是还是挺好玩的', 0, 0, 1, 5, 'John'),
(82, 20150923, 1, 1, 1, 1, 1, '百度贴吧', '画面', '这个游戏画面真糟', '这个游戏画面真糟，但是还是挺好玩的', -1, 0, 1, 5, 'Mary'),
(83, 20150923, 1, 1, 1, 1, 1, '百度贴吧', '画面', '这个游戏画面真糟', '这个游戏画面真糟，但是还是挺好玩的', 0, 0, 1, 5, 'James'),
(83, 20150923, 1, 1, 1, 1, 1, '百度贴吧', '画面', '这个游戏画面真糟', '这个游戏画面真糟，但是还是挺好玩的', -1, 0, 1, 5, 'John'),
(83, 20150923, 1, 1, 1, 1, 1, '百度贴吧', '画面', '这个游戏画面真糟', '这个游戏画面真糟，但是还是挺好玩的', -1, 0, 1, 5, 'Mary'),
(84, 20150923, 1, 1, 1, 1, 1, '百度贴吧', '画面', '这个游戏画面真糟', '这个游戏画面真糟，但是还是挺好玩的', 0, 0, 1, 5, 'James'),
(84, 20150923, 1, 1, 1, 1, 1, '百度贴吧', '画面', '这个游戏画面真糟', '这个游戏画面真糟，但是还是挺好玩的', -1, 0, 1, 5, 'John'),
(84, 20150923, 1, 1, 1, 1, 1, '百度贴吧', '画面', '这个游戏画面真糟', '这个游戏画面真糟，但是还是挺好玩的', -1, 0, 1, 5, 'Mary'),
(85, 20150923, 1, 1, 1, 1, 1, '百度贴吧', '画面', '这个游戏画面真糟', '这个游戏画面真糟，但是还是挺好玩的', -1, 0, 1, 5, 'James'),
(85, 20150923, 1, 1, 1, 1, 1, '百度贴吧', '画面', '这个游戏画面真糟', '这个游戏画面真糟，但是还是挺好玩的', 1, 0, 1, 5, 'John'),
(85, 20150923, 1, 1, 1, 1, 1, '百度贴吧', '画面', '这个游戏画面真糟', '这个游戏画面真糟，但是还是挺好玩的', 1, 0, 1, 5, 'Mary'),
(86, 20150923, 1, 1, 1, 1, 1, '百度贴吧', '画面', '这个游戏画面真糟', '这个游戏画面真糟，但是还是挺好玩的', -1, 0, 1, 5, 'James'),
(86, 20150923, 1, 1, 1, 1, 1, '百度贴吧', '画面', '这个游戏画面真糟', '这个游戏画面真糟，但是还是挺好玩的', 1, 0, 1, 5, 'John'),
(86, 20150923, 1, 1, 1, 1, 1, '百度贴吧', '画面', '这个游戏画面真糟', '这个游戏画面真糟，但是还是挺好玩的', 0, 0, 1, 5, 'Mary'),
(87, 20150923, 1, 1, 1, 1, 1, '百度贴吧', '画面', '这个游戏画面真糟', '这个游戏画面真糟，但是还是挺好玩的', 0, 0, 1, 5, 'James'),
(87, 20150923, 1, 1, 1, 1, 1, '百度贴吧', '画面', '这个游戏画面真糟', '这个游戏画面真糟，但是还是挺好玩的', 1, 0, 1, 5, 'John'),
(87, 20150923, 1, 1, 1, 1, 1, '百度贴吧', '画面', '这个游戏画面真糟', '这个游戏画面真糟，但是还是挺好玩的', 1, 0, 1, 5, 'Mary'),
(88, 20150923, 1, 1, 1, 1, 1, '百度贴吧', '画面', '这个游戏画面真糟', '这个游戏画面真糟，但是还是挺好玩的', 1, 0, 1, 5, 'James'),
(88, 20150923, 1, 1, 1, 1, 1, '百度贴吧', '画面', '这个游戏画面真糟', '这个游戏画面真糟，但是还是挺好玩的', 0, 0, 1, 5, 'John'),
(88, 20150923, 1, 1, 1, 1, 1, '百度贴吧', '画面', '这个游戏画面真糟', '这个游戏画面真糟，但是还是挺好玩的', -1, 0, 1, 5, 'Mary'),
(89, 20150923, 1, 1, 1, 1, 1, '百度贴吧', '画面', '这个游戏画面真糟', '这个游戏画面真糟，但是还是挺好玩的', 0, 0, 1, 5, 'James'),
(89, 20150923, 1, 1, 1, 1, 1, '百度贴吧', '画面', '这个游戏画面真糟', '这个游戏画面真糟，但是还是挺好玩的', 1, 0, 1, 5, 'John'),
(89, 20150923, 1, 1, 1, 1, 1, '百度贴吧', '画面', '这个游戏画面真糟', '这个游戏画面真糟，但是还是挺好玩的', 0, 0, 1, 5, 'Mary'),
(90, 20150923, 1, 1, 1, 1, 1, '百度贴吧', '画面', '这个游戏画面真糟', '这个游戏画面真糟，但是还是挺好玩的', 1, 0, 1, 5, 'James'),
(90, 20150923, 1, 1, 1, 1, 1, '百度贴吧', '画面', '这个游戏画面真糟', '这个游戏画面真糟，但是还是挺好玩的', 0, 0, 1, 5, 'John'),
(90, 20150923, 1, 1, 1, 1, 1, '百度贴吧', '画面', '这个游戏画面真糟', '这个游戏画面真糟，但是还是挺好玩的', 0, 0, 1, 5, 'Mary'),
(91, 20150923, 1, 1, 1, 1, 1, '百度贴吧', '画面', '这个游戏画面真糟', '这个游戏画面真糟，但是还是挺好玩的', -1, 0, 1, 5, 'James'),
(91, 20150923, 1, 1, 1, 1, 1, '百度贴吧', '画面', '这个游戏画面真糟', '这个游戏画面真糟，但是还是挺好玩的', 1, 0, 1, 5, 'John'),
(91, 20150923, 1, 1, 1, 1, 1, '百度贴吧', '画面', '这个游戏画面真糟', '这个游戏画面真糟，但是还是挺好玩的', -1, 0, 1, 5, 'Mary'),
(92, 20150923, 1, 1, 1, 1, 1, '百度贴吧', '画面', '这个游戏画面真糟', '这个游戏画面真糟，但是还是挺好玩的', 0, 0, 1, 5, 'James'),
(92, 20150923, 1, 1, 1, 1, 1, '百度贴吧', '画面', '这个游戏画面真糟', '这个游戏画面真糟，但是还是挺好玩的', -1, 0, 1, 5, 'John'),
(92, 20150923, 1, 1, 1, 1, 1, '百度贴吧', '画面', '这个游戏画面真糟', '这个游戏画面真糟，但是还是挺好玩的', 1, 0, 1, 5, 'Mary'),
(93, 20150923, 1, 1, 1, 1, 1, '百度贴吧', '画面', '这个游戏画面真糟', '这个游戏画面真糟，但是还是挺好玩的', -1, 0, 1, 5, 'James'),
(93, 20150923, 1, 1, 1, 1, 1, '百度贴吧', '画面', '这个游戏画面真糟', '这个游戏画面真糟，但是还是挺好玩的', 0, 0, 1, 5, 'John'),
(93, 20150923, 1, 1, 1, 1, 1, '百度贴吧', '画面', '这个游戏画面真糟', '这个游戏画面真糟，但是还是挺好玩的', 1, 0, 1, 5, 'Mary'),
(94, 20150923, 1, 1, 1, 1, 1, '百度贴吧', '画面', '这个游戏画面真糟', '这个游戏画面真糟，但是还是挺好玩的', -1, 0, 1, 5, 'James'),
(94, 20150923, 1, 1, 1, 1, 1, '百度贴吧', '画面', '这个游戏画面真糟', '这个游戏画面真糟，但是还是挺好玩的', 0, 0, 1, 5, 'John'),
(94, 20150923, 1, 1, 1, 1, 1, '百度贴吧', '画面', '这个游戏画面真糟', '这个游戏画面真糟，但是还是挺好玩的', -1, 0, 1, 5, 'Mary'),
(95, 20150923, 1, 1, 1, 1, 1, '百度贴吧', '画面', '这个游戏画面真糟', '这个游戏画面真糟，但是还是挺好玩的', 1, 0, 1, 5, 'James'),
(95, 20150923, 1, 1, 1, 1, 1, '百度贴吧', '画面', '这个游戏画面真糟', '这个游戏画面真糟，但是还是挺好玩的', 1, 0, 1, 5, 'John'),
(95, 20150923, 1, 1, 1, 1, 1, '百度贴吧', '画面', '这个游戏画面真糟', '这个游戏画面真糟，但是还是挺好玩的', 0, 0, 1, 5, 'Mary'),
(96, 20150923, 1, 1, 1, 1, 1, '百度贴吧', '画面', '这个游戏画面真糟', '这个游戏画面真糟，但是还是挺好玩的', -1, 0, 1, 5, 'James'),
(96, 20150923, 1, 1, 1, 1, 1, '百度贴吧', '画面', '这个游戏画面真糟', '这个游戏画面真糟，但是还是挺好玩的', 1, 0, 1, 5, 'John'),
(96, 20150923, 1, 1, 1, 1, 1, '百度贴吧', '画面', '这个游戏画面真糟', '这个游戏画面真糟，但是还是挺好玩的', 0, 0, 1, 5, 'Mary'),
(97, 20150923, 1, 1, 1, 1, 1, '百度贴吧', '画面', '这个游戏画面真糟', '这个游戏画面真糟，但是还是挺好玩的', 1, 0, 1, 5, 'James'),
(97, 20150923, 1, 1, 1, 1, 1, '百度贴吧', '画面', '这个游戏画面真糟', '这个游戏画面真糟，但是还是挺好玩的', -1, 0, 1, 5, 'John'),
(97, 20150923, 1, 1, 1, 1, 1, '百度贴吧', '画面', '这个游戏画面真糟', '这个游戏画面真糟，但是还是挺好玩的', 0, 0, 1, 5, 'Mary'),
(98, 20150923, 1, 1, 1, 1, 1, '百度贴吧', '画面', '这个游戏画面真糟', '这个游戏画面真糟，但是还是挺好玩的', -1, 0, 1, 5, 'James'),
(98, 20150923, 1, 1, 1, 1, 1, '百度贴吧', '画面', '这个游戏画面真糟', '这个游戏画面真糟，但是还是挺好玩的', -1, 0, 1, 5, 'John'),
(98, 20150923, 1, 1, 1, 1, 1, '百度贴吧', '画面', '这个游戏画面真糟', '这个游戏画面真糟，但是还是挺好玩的', 1, 0, 1, 5, 'Mary'),
(99, 20150923, 1, 1, 1, 1, 1, '百度贴吧', '画面', '这个游戏画面真糟', '这个游戏画面真糟，但是还是挺好玩的', 0, 0, 1, 5, 'James'),
(99, 20150923, 1, 1, 1, 1, 1, '百度贴吧', '画面', '这个游戏画面真糟', '这个游戏画面真糟，但是还是挺好玩的', -1, 0, 1, 5, 'John'),
(99, 20150923, 1, 1, 1, 1, 1, '百度贴吧', '画面', '这个游戏画面真糟', '这个游戏画面真糟，但是还是挺好玩的', 0, 0, 1, 5, 'Mary'),
(100, 20150923, 1, 1, 1, 1, 1, '百度贴吧', '画面', '这个游戏画面真糟', '这个游戏画面真糟，但是还是挺好玩的', -1, 0, 1, 5, 'James'),
(100, 20150923, 1, 1, 1, 1, 1, '百度贴吧', '画面', '这个游戏画面真糟', '这个游戏画面真糟，但是还是挺好玩的', -1, 0, 1, 5, 'John'),
(100, 20150923, 1, 1, 1, 1, 1, '百度贴吧', '画面', '这个游戏画面真糟', '这个游戏画面真糟，但是还是挺好玩的', 0, 0, 1, 5, 'Mary'),
(101, 20150923, 1, 1, 1, 1, 1, '百度贴吧', '画面', '这个游戏画面真糟', '这个游戏画面真糟，但是还是挺好玩的', 0, 0, 1, 5, 'James'),
(101, 20150923, 1, 1, 1, 1, 1, '百度贴吧', '画面', '这个游戏画面真糟', '这个游戏画面真糟，但是还是挺好玩的', 0, 0, 1, 5, 'John'),
(101, 20150923, 1, 1, 1, 1, 1, '百度贴吧', '画面', '这个游戏画面真糟', '这个游戏画面真糟，但是还是挺好玩的', -1, 0, 1, 5, 'Mary'),
(102, 20150923, 1, 1, 1, 1, 1, '百度贴吧', '画面', '这个游戏画面真糟', '这个游戏画面真糟，但是还是挺好玩的', 0, 0, 1, 5, 'James'),
(102, 20150923, 1, 1, 1, 1, 1, '百度贴吧', '画面', '这个游戏画面真糟', '这个游戏画面真糟，但是还是挺好玩的', 1, 0, 1, 5, 'John'),
(102, 20150923, 1, 1, 1, 1, 1, '百度贴吧', '画面', '这个游戏画面真糟', '这个游戏画面真糟，但是还是挺好玩的', 0, 0, 1, 5, 'Mary'),
(103, 20150923, 1, 1, 1, 1, 1, '百度贴吧', '画面', '这个游戏画面真糟', '这个游戏画面真糟，但是还是挺好玩的', -1, 0, 1, 5, 'James'),
(103, 20150923, 1, 1, 1, 1, 1, '百度贴吧', '画面', '这个游戏画面真糟', '这个游戏画面真糟，但是还是挺好玩的', 0, 0, 1, 5, 'John'),
(103, 20150923, 1, 1, 1, 1, 1, '百度贴吧', '画面', '这个游戏画面真糟', '这个游戏画面真糟，但是还是挺好玩的', 1, 0, 1, 5, 'Mary'),
(104, 20150923, 1, 1, 1, 1, 1, '百度贴吧', '画面', '这个游戏画面真糟', '这个游戏画面真糟，但是还是挺好玩的', 1, 0, 1, 5, 'James'),
(104, 20150923, 1, 1, 1, 1, 1, '百度贴吧', '画面', '这个游戏画面真糟', '这个游戏画面真糟，但是还是挺好玩的', 0, 0, 1, 5, 'John'),
(104, 20150923, 1, 1, 1, 1, 1, '百度贴吧', '画面', '这个游戏画面真糟', '这个游戏画面真糟，但是还是挺好玩的', 0, 0, 1, 5, 'Mary'),
(105, 20150923, 1, 1, 1, 1, 1, '百度贴吧', '画面', '这个游戏画面真糟', '这个游戏画面真糟，但是还是挺好玩的', -1, 0, 1, 5, 'James');
INSERT INTO `label_ods_rst` (`ods_sentence_id`, `date_id`, `game_id`, `source_id`, `comment_id`, `sentence_index`, `concept_id`, `source_name`, `concept_name`, `content`, `src_content`, `sentiment`, `is_conflict`, `is_relevent`, `task_id`, `user_id`) VALUES
(105, 20150923, 1, 1, 1, 1, 1, '百度贴吧', '画面', '这个游戏画面真糟', '这个游戏画面真糟，但是还是挺好玩的', -1, 0, 1, 5, 'John'),
(105, 20150923, 1, 1, 1, 1, 1, '百度贴吧', '画面', '这个游戏画面真糟', '这个游戏画面真糟，但是还是挺好玩的', -1, 0, 1, 5, 'Mary'),
(106, 20150923, 1, 1, 1, 1, 1, '百度贴吧', '画面', '这个游戏画面真糟', '这个游戏画面真糟，但是还是挺好玩的', 0, 0, 1, 5, 'James'),
(106, 20150923, 1, 1, 1, 1, 1, '百度贴吧', '画面', '这个游戏画面真糟', '这个游戏画面真糟，但是还是挺好玩的', -1, 0, 1, 5, 'John'),
(106, 20150923, 1, 1, 1, 1, 1, '百度贴吧', '画面', '这个游戏画面真糟', '这个游戏画面真糟，但是还是挺好玩的', 0, 0, 1, 5, 'Mary'),
(107, 20150923, 1, 1, 1, 1, 1, '百度贴吧', '画面', '这个游戏画面真糟', '这个游戏画面真糟，但是还是挺好玩的', 1, 0, 1, 5, 'James'),
(107, 20150923, 1, 1, 1, 1, 1, '百度贴吧', '画面', '这个游戏画面真糟', '这个游戏画面真糟，但是还是挺好玩的', 0, 0, 1, 5, 'John'),
(107, 20150923, 1, 1, 1, 1, 1, '百度贴吧', '画面', '这个游戏画面真糟', '这个游戏画面真糟，但是还是挺好玩的', 0, 0, 1, 5, 'Mary'),
(108, 20150923, 1, 1, 1, 1, 1, '百度贴吧', '画面', '这个游戏画面真糟', '这个游戏画面真糟，但是还是挺好玩的', 1, 0, 1, 5, 'James'),
(108, 20150923, 1, 1, 1, 1, 1, '百度贴吧', '画面', '这个游戏画面真糟', '这个游戏画面真糟，但是还是挺好玩的', 1, 0, 1, 5, 'John'),
(108, 20150923, 1, 1, 1, 1, 1, '百度贴吧', '画面', '这个游戏画面真糟', '这个游戏画面真糟，但是还是挺好玩的', 0, 0, 1, 5, 'Mary'),
(109, 20150923, 1, 1, 1, 1, 1, '百度贴吧', '画面', '这个游戏画面真糟', '这个游戏画面真糟，但是还是挺好玩的', 1, 0, 1, 5, 'James'),
(109, 20150923, 1, 1, 1, 1, 1, '百度贴吧', '画面', '这个游戏画面真糟', '这个游戏画面真糟，但是还是挺好玩的', 1, 0, 1, 5, 'John'),
(109, 20150923, 1, 1, 1, 1, 1, '百度贴吧', '画面', '这个游戏画面真糟', '这个游戏画面真糟，但是还是挺好玩的', 0, 0, 1, 5, 'Mary'),
(110, 20150923, 1, 1, 1, 1, 1, '百度贴吧', '画面', '这个游戏画面真糟', '这个游戏画面真糟，但是还是挺好玩的', -1, 0, 1, 5, 'James'),
(110, 20150923, 1, 1, 1, 1, 1, '百度贴吧', '画面', '这个游戏画面真糟', '这个游戏画面真糟，但是还是挺好玩的', 0, 0, 1, 5, 'John'),
(110, 20150923, 1, 1, 1, 1, 1, '百度贴吧', '画面', '这个游戏画面真糟', '这个游戏画面真糟，但是还是挺好玩的', 0, 0, 1, 5, 'Mary'),
(111, 20150923, 1, 1, 1, 1, 1, '百度贴吧', '画面', '这个游戏画面真糟', '这个游戏画面真糟，但是还是挺好玩的', 0, 0, 1, 5, 'James'),
(111, 20150923, 1, 1, 1, 1, 1, '百度贴吧', '画面', '这个游戏画面真糟', '这个游戏画面真糟，但是还是挺好玩的', 1, 0, 1, 5, 'John'),
(111, 20150923, 1, 1, 1, 1, 1, '百度贴吧', '画面', '这个游戏画面真糟', '这个游戏画面真糟，但是还是挺好玩的', -1, 0, 1, 5, 'Mary'),
(112, 20150923, 1, 1, 1, 1, 1, '百度贴吧', '画面', '这个游戏画面真糟', '这个游戏画面真糟，但是还是挺好玩的', -1, 0, 1, 5, 'James'),
(112, 20150923, 1, 1, 1, 1, 1, '百度贴吧', '画面', '这个游戏画面真糟', '这个游戏画面真糟，但是还是挺好玩的', 1, 0, 1, 5, 'John'),
(112, 20150923, 1, 1, 1, 1, 1, '百度贴吧', '画面', '这个游戏画面真糟', '这个游戏画面真糟，但是还是挺好玩的', -1, 0, 1, 5, 'Mary'),
(113, 20150923, 1, 1, 1, 1, 1, '百度贴吧', '画面', '这个游戏画面真糟', '这个游戏画面真糟，但是还是挺好玩的', 0, 0, 1, 5, 'James'),
(113, 20150923, 1, 1, 1, 1, 1, '百度贴吧', '画面', '这个游戏画面真糟', '这个游戏画面真糟，但是还是挺好玩的', -1, 0, 1, 5, 'John'),
(113, 20150923, 1, 1, 1, 1, 1, '百度贴吧', '画面', '这个游戏画面真糟', '这个游戏画面真糟，但是还是挺好玩的', 0, 0, 1, 5, 'Mary'),
(114, 20150923, 1, 1, 1, 1, 1, '百度贴吧', '画面', '这个游戏画面真糟', '这个游戏画面真糟，但是还是挺好玩的', -1, 0, 1, 5, 'James'),
(114, 20150923, 1, 1, 1, 1, 1, '百度贴吧', '画面', '这个游戏画面真糟', '这个游戏画面真糟，但是还是挺好玩的', -1, 0, 1, 5, 'John'),
(114, 20150923, 1, 1, 1, 1, 1, '百度贴吧', '画面', '这个游戏画面真糟', '这个游戏画面真糟，但是还是挺好玩的', 0, 0, 1, 5, 'Mary'),
(115, 20150923, 1, 1, 1, 1, 1, '百度贴吧', '画面', '这个游戏画面真糟', '这个游戏画面真糟，但是还是挺好玩的', 1, 0, 1, 5, 'James'),
(115, 20150923, 1, 1, 1, 1, 1, '百度贴吧', '画面', '这个游戏画面真糟', '这个游戏画面真糟，但是还是挺好玩的', 1, 0, 1, 5, 'John'),
(115, 20150923, 1, 1, 1, 1, 1, '百度贴吧', '画面', '这个游戏画面真糟', '这个游戏画面真糟，但是还是挺好玩的', 1, 0, 1, 5, 'Mary'),
(116, 20150923, 1, 1, 1, 1, 1, '百度贴吧', '画面', '这个游戏画面真糟', '这个游戏画面真糟，但是还是挺好玩的', 1, 0, 1, 5, 'James'),
(116, 20150923, 1, 1, 1, 1, 1, '百度贴吧', '画面', '这个游戏画面真糟', '这个游戏画面真糟，但是还是挺好玩的', 1, 0, 1, 5, 'John'),
(116, 20150923, 1, 1, 1, 1, 1, '百度贴吧', '画面', '这个游戏画面真糟', '这个游戏画面真糟，但是还是挺好玩的', -1, 0, 1, 5, 'Mary'),
(117, 20150923, 1, 1, 1, 1, 1, '百度贴吧', '画面', '这个游戏画面真糟', '这个游戏画面真糟，但是还是挺好玩的', 0, 0, 1, 5, 'James'),
(117, 20150923, 1, 1, 1, 1, 1, '百度贴吧', '画面', '这个游戏画面真糟', '这个游戏画面真糟，但是还是挺好玩的', -1, 0, 1, 5, 'John'),
(117, 20150923, 1, 1, 1, 1, 1, '百度贴吧', '画面', '这个游戏画面真糟', '这个游戏画面真糟，但是还是挺好玩的', -1, 0, 1, 5, 'Mary'),
(118, 20150923, 1, 1, 1, 1, 1, '百度贴吧', '画面', '这个游戏画面真糟', '这个游戏画面真糟，但是还是挺好玩的', -1, 0, 1, 5, 'James'),
(118, 20150923, 1, 1, 1, 1, 1, '百度贴吧', '画面', '这个游戏画面真糟', '这个游戏画面真糟，但是还是挺好玩的', 1, 0, 1, 5, 'John'),
(118, 20150923, 1, 1, 1, 1, 1, '百度贴吧', '画面', '这个游戏画面真糟', '这个游戏画面真糟，但是还是挺好玩的', 0, 0, 1, 5, 'Mary'),
(119, 20150923, 1, 1, 1, 1, 1, '百度贴吧', '画面', '这个游戏画面真糟', '这个游戏画面真糟，但是还是挺好玩的', 1, 0, 1, 5, 'James'),
(119, 20150923, 1, 1, 1, 1, 1, '百度贴吧', '画面', '这个游戏画面真糟', '这个游戏画面真糟，但是还是挺好玩的', -1, 0, 1, 5, 'John'),
(119, 20150923, 1, 1, 1, 1, 1, '百度贴吧', '画面', '这个游戏画面真糟', '这个游戏画面真糟，但是还是挺好玩的', 0, 0, 1, 5, 'Mary'),
(120, 20150923, 1, 1, 1, 1, 1, '百度贴吧', '画面', '这个游戏画面真糟', '这个游戏画面真糟，但是还是挺好玩的', -1, 0, 1, 5, 'James'),
(120, 20150923, 1, 1, 1, 1, 1, '百度贴吧', '画面', '这个游戏画面真糟', '这个游戏画面真糟，但是还是挺好玩的', 1, 0, 1, 5, 'John'),
(120, 20150923, 1, 1, 1, 1, 1, '百度贴吧', '画面', '这个游戏画面真糟', '这个游戏画面真糟，但是还是挺好玩的', 0, 0, 1, 5, 'Mary'),
(121, 20150923, 1, 1, 1, 1, 1, '百度贴吧', '画面', '这个游戏画面真糟', '这个游戏画面真糟，但是还是挺好玩的', 1, 0, 1, 5, 'James'),
(121, 20150923, 1, 1, 1, 1, 1, '百度贴吧', '画面', '这个游戏画面真糟', '这个游戏画面真糟，但是还是挺好玩的', 0, 0, 1, 5, 'John'),
(121, 20150923, 1, 1, 1, 1, 1, '百度贴吧', '画面', '这个游戏画面真糟', '这个游戏画面真糟，但是还是挺好玩的', 1, 0, 1, 5, 'Mary'),
(122, 20150923, 1, 1, 1, 1, 1, '百度贴吧', '画面', '这个游戏画面真糟', '这个游戏画面真糟，但是还是挺好玩的', 0, 0, 1, 5, 'James'),
(122, 20150923, 1, 1, 1, 1, 1, '百度贴吧', '画面', '这个游戏画面真糟', '这个游戏画面真糟，但是还是挺好玩的', -1, 0, 1, 5, 'John'),
(122, 20150923, 1, 1, 1, 1, 1, '百度贴吧', '画面', '这个游戏画面真糟', '这个游戏画面真糟，但是还是挺好玩的', -1, 0, 1, 5, 'Mary'),
(123, 20150923, 1, 1, 1, 1, 1, '百度贴吧', '画面', '这个游戏画面真糟', '这个游戏画面真糟，但是还是挺好玩的', 1, 0, 1, 5, 'James'),
(123, 20150923, 1, 1, 1, 1, 1, '百度贴吧', '画面', '这个游戏画面真糟', '这个游戏画面真糟，但是还是挺好玩的', -1, 0, 1, 5, 'John'),
(123, 20150923, 1, 1, 1, 1, 1, '百度贴吧', '画面', '这个游戏画面真糟', '这个游戏画面真糟，但是还是挺好玩的', -1, 0, 1, 5, 'Mary'),
(124, 20150923, 1, 1, 1, 1, 1, '百度贴吧', '画面', '这个游戏画面真糟', '这个游戏画面真糟，但是还是挺好玩的', -1, 0, 1, 5, 'James'),
(124, 20150923, 1, 1, 1, 1, 1, '百度贴吧', '画面', '这个游戏画面真糟', '这个游戏画面真糟，但是还是挺好玩的', -1, 0, 1, 5, 'John'),
(124, 20150923, 1, 1, 1, 1, 1, '百度贴吧', '画面', '这个游戏画面真糟', '这个游戏画面真糟，但是还是挺好玩的', 1, 0, 1, 5, 'Mary'),
(125, 20150923, 1, 1, 1, 1, 1, '百度贴吧', '画面', '这个游戏画面真糟', '这个游戏画面真糟，但是还是挺好玩的', 0, 0, 1, 5, 'James'),
(125, 20150923, 1, 1, 1, 1, 1, '百度贴吧', '画面', '这个游戏画面真糟', '这个游戏画面真糟，但是还是挺好玩的', 0, 0, 1, 5, 'John'),
(125, 20150923, 1, 1, 1, 1, 1, '百度贴吧', '画面', '这个游戏画面真糟', '这个游戏画面真糟，但是还是挺好玩的', 1, 0, 1, 5, 'Mary'),
(126, 20150923, 1, 1, 1, 1, 1, '百度贴吧', '画面', '这个游戏画面真糟', '这个游戏画面真糟，但是还是挺好玩的', 1, 0, 1, 5, 'James'),
(126, 20150923, 1, 1, 1, 1, 1, '百度贴吧', '画面', '这个游戏画面真糟', '这个游戏画面真糟，但是还是挺好玩的', 0, 0, 1, 5, 'John'),
(126, 20150923, 1, 1, 1, 1, 1, '百度贴吧', '画面', '这个游戏画面真糟', '这个游戏画面真糟，但是还是挺好玩的', 1, 0, 1, 5, 'Mary'),
(127, 20150923, 1, 1, 1, 1, 1, '百度贴吧', '画面', '这个游戏画面真糟', '这个游戏画面真糟，但是还是挺好玩的', -1, 0, 1, 5, 'James'),
(127, 20150923, 1, 1, 1, 1, 1, '百度贴吧', '画面', '这个游戏画面真糟', '这个游戏画面真糟，但是还是挺好玩的', -1, 0, 1, 5, 'John'),
(127, 20150923, 1, 1, 1, 1, 1, '百度贴吧', '画面', '这个游戏画面真糟', '这个游戏画面真糟，但是还是挺好玩的', 0, 0, 1, 5, 'Mary'),
(128, 20150923, 1, 1, 1, 1, 1, '百度贴吧', '画面', '这个游戏画面真糟', '这个游戏画面真糟，但是还是挺好玩的', 1, 0, 1, 5, 'James'),
(128, 20150923, 1, 1, 1, 1, 1, '百度贴吧', '画面', '这个游戏画面真糟', '这个游戏画面真糟，但是还是挺好玩的', 0, 0, 1, 5, 'John'),
(128, 20150923, 1, 1, 1, 1, 1, '百度贴吧', '画面', '这个游戏画面真糟', '这个游戏画面真糟，但是还是挺好玩的', 1, 0, 1, 5, 'Mary'),
(129, 20150923, 1, 1, 1, 1, 1, '百度贴吧', '画面', '这个游戏画面真糟', '这个游戏画面真糟，但是还是挺好玩的', 1, 0, 1, 5, 'James'),
(129, 20150923, 1, 1, 1, 1, 1, '百度贴吧', '画面', '这个游戏画面真糟', '这个游戏画面真糟，但是还是挺好玩的', -1, 0, 1, 5, 'John'),
(129, 20150923, 1, 1, 1, 1, 1, '百度贴吧', '画面', '这个游戏画面真糟', '这个游戏画面真糟，但是还是挺好玩的', -1, 0, 1, 5, 'Mary'),
(130, 20150923, 1, 1, 1, 1, 1, '百度贴吧', '画面', '这个游戏画面真糟', '这个游戏画面真糟，但是还是挺好玩的', -1, 0, 1, 5, 'James'),
(130, 20150923, 1, 1, 1, 1, 1, '百度贴吧', '画面', '这个游戏画面真糟', '这个游戏画面真糟，但是还是挺好玩的', 0, 0, 1, 5, 'John'),
(130, 20150923, 1, 1, 1, 1, 1, '百度贴吧', '画面', '这个游戏画面真糟', '这个游戏画面真糟，但是还是挺好玩的', -1, 0, 1, 5, 'Mary'),
(131, 20150923, 1, 1, 1, 1, 1, '百度贴吧', '画面', '这个游戏画面真糟', '这个游戏画面真糟，但是还是挺好玩的', 1, 0, 1, 5, 'James'),
(131, 20150923, 1, 1, 1, 1, 1, '百度贴吧', '画面', '这个游戏画面真糟', '这个游戏画面真糟，但是还是挺好玩的', -1, 0, 1, 5, 'John'),
(131, 20150923, 1, 1, 1, 1, 1, '百度贴吧', '画面', '这个游戏画面真糟', '这个游戏画面真糟，但是还是挺好玩的', -1, 0, 1, 5, 'Mary'),
(132, 20150923, 1, 1, 1, 1, 1, '百度贴吧', '画面', '这个游戏画面真糟', '这个游戏画面真糟，但是还是挺好玩的', 0, 0, 1, 5, 'James'),
(132, 20150923, 1, 1, 1, 1, 1, '百度贴吧', '画面', '这个游戏画面真糟', '这个游戏画面真糟，但是还是挺好玩的', 0, 0, 1, 5, 'John'),
(132, 20150923, 1, 1, 1, 1, 1, '百度贴吧', '画面', '这个游戏画面真糟', '这个游戏画面真糟，但是还是挺好玩的', 1, 0, 1, 5, 'Mary'),
(133, 20150923, 1, 1, 1, 1, 1, '百度贴吧', '画面', '这个游戏画面真糟', '这个游戏画面真糟，但是还是挺好玩的', 1, 0, 1, 5, 'James'),
(133, 20150923, 1, 1, 1, 1, 1, '百度贴吧', '画面', '这个游戏画面真糟', '这个游戏画面真糟，但是还是挺好玩的', 1, 0, 1, 5, 'John'),
(133, 20150923, 1, 1, 1, 1, 1, '百度贴吧', '画面', '这个游戏画面真糟', '这个游戏画面真糟，但是还是挺好玩的', -1, 0, 1, 5, 'Mary'),
(134, 20150923, 1, 1, 1, 1, 1, '百度贴吧', '画面', '这个游戏画面真糟', '这个游戏画面真糟，但是还是挺好玩的', 1, 0, 1, 5, 'James'),
(134, 20150923, 1, 1, 1, 1, 1, '百度贴吧', '画面', '这个游戏画面真糟', '这个游戏画面真糟，但是还是挺好玩的', 1, 0, 1, 5, 'John'),
(134, 20150923, 1, 1, 1, 1, 1, '百度贴吧', '画面', '这个游戏画面真糟', '这个游戏画面真糟，但是还是挺好玩的', 1, 0, 1, 5, 'Mary'),
(135, 20150923, 1, 1, 1, 1, 1, '百度贴吧', '画面', '这个游戏画面真糟', '这个游戏画面真糟，但是还是挺好玩的', 1, 0, 1, 5, 'James'),
(135, 20150923, 1, 1, 1, 1, 1, '百度贴吧', '画面', '这个游戏画面真糟', '这个游戏画面真糟，但是还是挺好玩的', 1, 0, 1, 5, 'John'),
(135, 20150923, 1, 1, 1, 1, 1, '百度贴吧', '画面', '这个游戏画面真糟', '这个游戏画面真糟，但是还是挺好玩的', 1, 0, 1, 5, 'Mary'),
(136, 20150923, 1, 1, 1, 1, 1, '百度贴吧', '画面', '这个游戏画面真糟', '这个游戏画面真糟，但是还是挺好玩的', 1, 0, 1, 5, 'James'),
(136, 20150923, 1, 1, 1, 1, 1, '百度贴吧', '画面', '这个游戏画面真糟', '这个游戏画面真糟，但是还是挺好玩的', 0, 0, 1, 5, 'John'),
(136, 20150923, 1, 1, 1, 1, 1, '百度贴吧', '画面', '这个游戏画面真糟', '这个游戏画面真糟，但是还是挺好玩的', 0, 0, 1, 5, 'Mary'),
(137, 20150923, 1, 1, 1, 1, 1, '百度贴吧', '画面', '这个游戏画面真糟', '这个游戏画面真糟，但是还是挺好玩的', 1, 0, 1, 5, 'James'),
(137, 20150923, 1, 1, 1, 1, 1, '百度贴吧', '画面', '这个游戏画面真糟', '这个游戏画面真糟，但是还是挺好玩的', 0, 0, 1, 5, 'John'),
(137, 20150923, 1, 1, 1, 1, 1, '百度贴吧', '画面', '这个游戏画面真糟', '这个游戏画面真糟，但是还是挺好玩的', 0, 0, 1, 5, 'Mary'),
(138, 20150923, 1, 1, 1, 1, 1, '百度贴吧', '画面', '这个游戏画面真糟', '这个游戏画面真糟，但是还是挺好玩的', 1, 0, 1, 5, 'James'),
(138, 20150923, 1, 1, 1, 1, 1, '百度贴吧', '画面', '这个游戏画面真糟', '这个游戏画面真糟，但是还是挺好玩的', 0, 0, 1, 5, 'John'),
(138, 20150923, 1, 1, 1, 1, 1, '百度贴吧', '画面', '这个游戏画面真糟', '这个游戏画面真糟，但是还是挺好玩的', -1, 0, 1, 5, 'Mary'),
(139, 20150923, 1, 1, 1, 1, 1, '百度贴吧', '画面', '这个游戏画面真糟', '这个游戏画面真糟，但是还是挺好玩的', -1, 0, 1, 5, 'James'),
(139, 20150923, 1, 1, 1, 1, 1, '百度贴吧', '画面', '这个游戏画面真糟', '这个游戏画面真糟，但是还是挺好玩的', -1, 0, 1, 5, 'John'),
(139, 20150923, 1, 1, 1, 1, 1, '百度贴吧', '画面', '这个游戏画面真糟', '这个游戏画面真糟，但是还是挺好玩的', -1, 0, 1, 5, 'Mary'),
(140, 20150923, 1, 1, 1, 1, 1, '百度贴吧', '画面', '这个游戏画面真糟', '这个游戏画面真糟，但是还是挺好玩的', 1, 0, 1, 5, 'James'),
(140, 20150923, 1, 1, 1, 1, 1, '百度贴吧', '画面', '这个游戏画面真糟', '这个游戏画面真糟，但是还是挺好玩的', 0, 0, 1, 5, 'John'),
(140, 20150923, 1, 1, 1, 1, 1, '百度贴吧', '画面', '这个游戏画面真糟', '这个游戏画面真糟，但是还是挺好玩的', 0, 0, 1, 5, 'Mary'),
(141, 20150923, 1, 1, 1, 1, 1, '百度贴吧', '画面', '这个游戏画面真糟', '这个游戏画面真糟，但是还是挺好玩的', 1, 0, 1, 5, 'James'),
(141, 20150923, 1, 1, 1, 1, 1, '百度贴吧', '画面', '这个游戏画面真糟', '这个游戏画面真糟，但是还是挺好玩的', -1, 0, 1, 5, 'John'),
(141, 20150923, 1, 1, 1, 1, 1, '百度贴吧', '画面', '这个游戏画面真糟', '这个游戏画面真糟，但是还是挺好玩的', 0, 0, 1, 5, 'Mary'),
(142, 20150923, 1, 1, 1, 1, 1, '百度贴吧', '画面', '这个游戏画面真糟', '这个游戏画面真糟，但是还是挺好玩的', 0, 0, 1, 5, 'James'),
(142, 20150923, 1, 1, 1, 1, 1, '百度贴吧', '画面', '这个游戏画面真糟', '这个游戏画面真糟，但是还是挺好玩的', 0, 0, 1, 5, 'John'),
(142, 20150923, 1, 1, 1, 1, 1, '百度贴吧', '画面', '这个游戏画面真糟', '这个游戏画面真糟，但是还是挺好玩的', -1, 0, 1, 5, 'Mary'),
(143, 20150923, 1, 1, 1, 1, 1, '百度贴吧', '画面', '这个游戏画面真糟', '这个游戏画面真糟，但是还是挺好玩的', 1, 0, 1, 5, 'James'),
(143, 20150923, 1, 1, 1, 1, 1, '百度贴吧', '画面', '这个游戏画面真糟', '这个游戏画面真糟，但是还是挺好玩的', -1, 0, 1, 5, 'John'),
(143, 20150923, 1, 1, 1, 1, 1, '百度贴吧', '画面', '这个游戏画面真糟', '这个游戏画面真糟，但是还是挺好玩的', 0, 0, 1, 5, 'Mary'),
(144, 20150923, 1, 1, 1, 1, 1, '百度贴吧', '画面', '这个游戏画面真糟', '这个游戏画面真糟，但是还是挺好玩的', -1, 0, 1, 5, 'James'),
(144, 20150923, 1, 1, 1, 1, 1, '百度贴吧', '画面', '这个游戏画面真糟', '这个游戏画面真糟，但是还是挺好玩的', 0, 0, 1, 5, 'John'),
(144, 20150923, 1, 1, 1, 1, 1, '百度贴吧', '画面', '这个游戏画面真糟', '这个游戏画面真糟，但是还是挺好玩的', 1, 0, 1, 5, 'Mary'),
(145, 20150923, 1, 1, 1, 1, 1, '百度贴吧', '画面', '这个游戏画面真糟', '这个游戏画面真糟，但是还是挺好玩的', 0, 0, 1, 5, 'James'),
(145, 20150923, 1, 1, 1, 1, 1, '百度贴吧', '画面', '这个游戏画面真糟', '这个游戏画面真糟，但是还是挺好玩的', 0, 0, 1, 5, 'John'),
(145, 20150923, 1, 1, 1, 1, 1, '百度贴吧', '画面', '这个游戏画面真糟', '这个游戏画面真糟，但是还是挺好玩的', 0, 0, 1, 5, 'Mary'),
(146, 20150923, 1, 1, 1, 1, 1, '百度贴吧', '画面', '这个游戏画面真糟', '这个游戏画面真糟，但是还是挺好玩的', 0, 0, 1, 5, 'James'),
(146, 20150923, 1, 1, 1, 1, 1, '百度贴吧', '画面', '这个游戏画面真糟', '这个游戏画面真糟，但是还是挺好玩的', -1, 0, 1, 5, 'John'),
(146, 20150923, 1, 1, 1, 1, 1, '百度贴吧', '画面', '这个游戏画面真糟', '这个游戏画面真糟，但是还是挺好玩的', 1, 0, 1, 5, 'Mary'),
(147, 20150923, 1, 1, 1, 1, 1, '百度贴吧', '画面', '这个游戏画面真糟', '这个游戏画面真糟，但是还是挺好玩的', 1, 0, 1, 5, 'James'),
(147, 20150923, 1, 1, 1, 1, 1, '百度贴吧', '画面', '这个游戏画面真糟', '这个游戏画面真糟，但是还是挺好玩的', 0, 0, 1, 5, 'John'),
(147, 20150923, 1, 1, 1, 1, 1, '百度贴吧', '画面', '这个游戏画面真糟', '这个游戏画面真糟，但是还是挺好玩的', -1, 0, 1, 5, 'Mary'),
(148, 20150923, 1, 1, 1, 1, 1, '百度贴吧', '画面', '这个游戏画面真糟', '这个游戏画面真糟，但是还是挺好玩的', 0, 0, 1, 5, 'James'),
(148, 20150923, 1, 1, 1, 1, 1, '百度贴吧', '画面', '这个游戏画面真糟', '这个游戏画面真糟，但是还是挺好玩的', 1, 0, 1, 5, 'John'),
(148, 20150923, 1, 1, 1, 1, 1, '百度贴吧', '画面', '这个游戏画面真糟', '这个游戏画面真糟，但是还是挺好玩的', 1, 0, 1, 5, 'Mary'),
(149, 20150923, 1, 1, 1, 1, 1, '百度贴吧', '画面', '这个游戏画面真糟', '这个游戏画面真糟，但是还是挺好玩的', 1, 0, 1, 5, 'James'),
(149, 20150923, 1, 1, 1, 1, 1, '百度贴吧', '画面', '这个游戏画面真糟', '这个游戏画面真糟，但是还是挺好玩的', 0, 0, 1, 5, 'John'),
(149, 20150923, 1, 1, 1, 1, 1, '百度贴吧', '画面', '这个游戏画面真糟', '这个游戏画面真糟，但是还是挺好玩的', -1, 0, 1, 5, 'Mary'),
(150, 20150923, 1, 1, 1, 1, 1, '百度贴吧', '画面', '这个游戏画面真糟', '这个游戏画面真糟，但是还是挺好玩的', -1, 0, 1, 5, 'James'),
(150, 20150923, 1, 1, 1, 1, 1, '百度贴吧', '画面', '这个游戏画面真糟', '这个游戏画面真糟，但是还是挺好玩的', 1, 0, 1, 5, 'John'),
(150, 20150923, 1, 1, 1, 1, 1, '百度贴吧', '画面', '这个游戏画面真糟', '这个游戏画面真糟，但是还是挺好玩的', -1, 0, 1, 5, 'Mary'),
(151, 20150923, 1, 1, 1, 1, 1, '百度贴吧', '画面', '这个游戏画面真糟', '这个游戏画面真糟，但是还是挺好玩的', -1, 0, 1, 5, 'James'),
(151, 20150923, 1, 1, 1, 1, 1, '百度贴吧', '画面', '这个游戏画面真糟', '这个游戏画面真糟，但是还是挺好玩的', -1, 0, 1, 5, 'John'),
(151, 20150923, 1, 1, 1, 1, 1, '百度贴吧', '画面', '这个游戏画面真糟', '这个游戏画面真糟，但是还是挺好玩的', -1, 0, 1, 5, 'Mary'),
(152, 20150923, 1, 1, 1, 1, 1, '百度贴吧', '画面', '这个游戏画面真糟', '这个游戏画面真糟，但是还是挺好玩的', 1, 0, 1, 5, 'James'),
(152, 20150923, 1, 1, 1, 1, 1, '百度贴吧', '画面', '这个游戏画面真糟', '这个游戏画面真糟，但是还是挺好玩的', 1, 0, 1, 5, 'John'),
(152, 20150923, 1, 1, 1, 1, 1, '百度贴吧', '画面', '这个游戏画面真糟', '这个游戏画面真糟，但是还是挺好玩的', -1, 0, 1, 5, 'Mary'),
(153, 20150923, 1, 1, 1, 1, 1, '百度贴吧', '画面', '这个游戏画面真糟', '这个游戏画面真糟，但是还是挺好玩的', -1, 0, 1, 5, 'James'),
(153, 20150923, 1, 1, 1, 1, 1, '百度贴吧', '画面', '这个游戏画面真糟', '这个游戏画面真糟，但是还是挺好玩的', 1, 0, 1, 5, 'John'),
(153, 20150923, 1, 1, 1, 1, 1, '百度贴吧', '画面', '这个游戏画面真糟', '这个游戏画面真糟，但是还是挺好玩的', -1, 0, 1, 5, 'Mary'),
(154, 20150923, 1, 1, 1, 1, 1, '百度贴吧', '画面', '这个游戏画面真糟', '这个游戏画面真糟，但是还是挺好玩的', -1, 0, 1, 5, 'James'),
(154, 20150923, 1, 1, 1, 1, 1, '百度贴吧', '画面', '这个游戏画面真糟', '这个游戏画面真糟，但是还是挺好玩的', 0, 0, 1, 5, 'John'),
(154, 20150923, 1, 1, 1, 1, 1, '百度贴吧', '画面', '这个游戏画面真糟', '这个游戏画面真糟，但是还是挺好玩的', 1, 0, 1, 5, 'Mary'),
(155, 20150923, 1, 1, 1, 1, 1, '百度贴吧', '画面', '这个游戏画面真糟', '这个游戏画面真糟，但是还是挺好玩的', -1, 0, 1, 5, 'James'),
(155, 20150923, 1, 1, 1, 1, 1, '百度贴吧', '画面', '这个游戏画面真糟', '这个游戏画面真糟，但是还是挺好玩的', -1, 0, 1, 5, 'John'),
(155, 20150923, 1, 1, 1, 1, 1, '百度贴吧', '画面', '这个游戏画面真糟', '这个游戏画面真糟，但是还是挺好玩的', 1, 0, 1, 5, 'Mary'),
(156, 20150923, 1, 1, 1, 1, 1, '百度贴吧', '画面', '这个游戏画面真糟', '这个游戏画面真糟，但是还是挺好玩的', 1, 0, 1, 5, 'James'),
(156, 20150923, 1, 1, 1, 1, 1, '百度贴吧', '画面', '这个游戏画面真糟', '这个游戏画面真糟，但是还是挺好玩的', -1, 0, 1, 5, 'John'),
(156, 20150923, 1, 1, 1, 1, 1, '百度贴吧', '画面', '这个游戏画面真糟', '这个游戏画面真糟，但是还是挺好玩的', -1, 0, 1, 5, 'Mary'),
(157, 20150923, 1, 1, 1, 1, 1, '百度贴吧', '画面', '这个游戏画面真糟', '这个游戏画面真糟，但是还是挺好玩的', -1, 0, 1, 5, 'James'),
(157, 20150923, 1, 1, 1, 1, 1, '百度贴吧', '画面', '这个游戏画面真糟', '这个游戏画面真糟，但是还是挺好玩的', 1, 0, 1, 5, 'John'),
(157, 20150923, 1, 1, 1, 1, 1, '百度贴吧', '画面', '这个游戏画面真糟', '这个游戏画面真糟，但是还是挺好玩的', 0, 0, 1, 5, 'Mary'),
(158, 20150923, 1, 1, 1, 1, 1, '百度贴吧', '画面', '这个游戏画面真糟', '这个游戏画面真糟，但是还是挺好玩的', 0, 0, 1, 5, 'James'),
(158, 20150923, 1, 1, 1, 1, 1, '百度贴吧', '画面', '这个游戏画面真糟', '这个游戏画面真糟，但是还是挺好玩的', 0, 0, 1, 5, 'John'),
(158, 20150923, 1, 1, 1, 1, 1, '百度贴吧', '画面', '这个游戏画面真糟', '这个游戏画面真糟，但是还是挺好玩的', -1, 0, 1, 5, 'Mary'),
(159, 20150923, 1, 1, 1, 1, 1, '百度贴吧', '画面', '这个游戏画面真糟', '这个游戏画面真糟，但是还是挺好玩的', 1, 0, 1, 5, 'James'),
(159, 20150923, 1, 1, 1, 1, 1, '百度贴吧', '画面', '这个游戏画面真糟', '这个游戏画面真糟，但是还是挺好玩的', 1, 0, 1, 5, 'John'),
(159, 20150923, 1, 1, 1, 1, 1, '百度贴吧', '画面', '这个游戏画面真糟', '这个游戏画面真糟，但是还是挺好玩的', -1, 0, 1, 5, 'Mary'),
(160, 20150923, 1, 1, 1, 1, 1, '百度贴吧', '画面', '这个游戏画面真糟', '这个游戏画面真糟，但是还是挺好玩的', -1, 0, 1, 5, 'James'),
(160, 20150923, 1, 1, 1, 1, 1, '百度贴吧', '画面', '这个游戏画面真糟', '这个游戏画面真糟，但是还是挺好玩的', 0, 0, 1, 5, 'John'),
(160, 20150923, 1, 1, 1, 1, 1, '百度贴吧', '画面', '这个游戏画面真糟', '这个游戏画面真糟，但是还是挺好玩的', 0, 0, 1, 5, 'Mary'),
(161, 20150923, 1, 1, 1, 1, 1, '百度贴吧', '画面', '这个游戏画面真糟', '这个游戏画面真糟，但是还是挺好玩的', -1, 0, 1, 5, 'James'),
(161, 20150923, 1, 1, 1, 1, 1, '百度贴吧', '画面', '这个游戏画面真糟', '这个游戏画面真糟，但是还是挺好玩的', 0, 0, 1, 5, 'John'),
(161, 20150923, 1, 1, 1, 1, 1, '百度贴吧', '画面', '这个游戏画面真糟', '这个游戏画面真糟，但是还是挺好玩的', 1, 0, 1, 5, 'Mary'),
(162, 20150923, 1, 1, 1, 1, 1, '百度贴吧', '画面', '这个游戏画面真糟', '这个游戏画面真糟，但是还是挺好玩的', 0, 0, 1, 5, 'James'),
(162, 20150923, 1, 1, 1, 1, 1, '百度贴吧', '画面', '这个游戏画面真糟', '这个游戏画面真糟，但是还是挺好玩的', 1, 0, 1, 5, 'John'),
(162, 20150923, 1, 1, 1, 1, 1, '百度贴吧', '画面', '这个游戏画面真糟', '这个游戏画面真糟，但是还是挺好玩的', 1, 0, 1, 5, 'Mary'),
(163, 20150923, 1, 1, 1, 1, 1, '百度贴吧', '画面', '这个游戏画面真糟', '这个游戏画面真糟，但是还是挺好玩的', 0, 0, 1, 5, 'James'),
(163, 20150923, 1, 1, 1, 1, 1, '百度贴吧', '画面', '这个游戏画面真糟', '这个游戏画面真糟，但是还是挺好玩的', 0, 0, 1, 5, 'John'),
(163, 20150923, 1, 1, 1, 1, 1, '百度贴吧', '画面', '这个游戏画面真糟', '这个游戏画面真糟，但是还是挺好玩的', -1, 0, 1, 5, 'Mary'),
(164, 20150923, 1, 1, 1, 1, 1, '百度贴吧', '画面', '这个游戏画面真糟', '这个游戏画面真糟，但是还是挺好玩的', -1, 0, 1, 5, 'James'),
(164, 20150923, 1, 1, 1, 1, 1, '百度贴吧', '画面', '这个游戏画面真糟', '这个游戏画面真糟，但是还是挺好玩的', 0, 0, 1, 5, 'John'),
(164, 20150923, 1, 1, 1, 1, 1, '百度贴吧', '画面', '这个游戏画面真糟', '这个游戏画面真糟，但是还是挺好玩的', 1, 0, 1, 5, 'Mary'),
(165, 20150923, 1, 1, 1, 1, 1, '百度贴吧', '画面', '这个游戏画面真糟', '这个游戏画面真糟，但是还是挺好玩的', 0, 0, 1, 5, 'James'),
(165, 20150923, 1, 1, 1, 1, 1, '百度贴吧', '画面', '这个游戏画面真糟', '这个游戏画面真糟，但是还是挺好玩的', 1, 0, 1, 5, 'John'),
(165, 20150923, 1, 1, 1, 1, 1, '百度贴吧', '画面', '这个游戏画面真糟', '这个游戏画面真糟，但是还是挺好玩的', 0, 0, 1, 5, 'Mary'),
(166, 20150923, 1, 1, 1, 1, 1, '百度贴吧', '画面', '这个游戏画面真糟', '这个游戏画面真糟，但是还是挺好玩的', 1, 0, 1, 5, 'James'),
(166, 20150923, 1, 1, 1, 1, 1, '百度贴吧', '画面', '这个游戏画面真糟', '这个游戏画面真糟，但是还是挺好玩的', 0, 0, 1, 5, 'John'),
(166, 20150923, 1, 1, 1, 1, 1, '百度贴吧', '画面', '这个游戏画面真糟', '这个游戏画面真糟，但是还是挺好玩的', -1, 0, 1, 5, 'Mary'),
(167, 20150923, 1, 1, 1, 1, 1, '百度贴吧', '画面', '这个游戏画面真糟', '这个游戏画面真糟，但是还是挺好玩的', 0, 0, 1, 5, 'James'),
(167, 20150923, 1, 1, 1, 1, 1, '百度贴吧', '画面', '这个游戏画面真糟', '这个游戏画面真糟，但是还是挺好玩的', -1, 0, 1, 5, 'John'),
(167, 20150923, 1, 1, 1, 1, 1, '百度贴吧', '画面', '这个游戏画面真糟', '这个游戏画面真糟，但是还是挺好玩的', 1, 0, 1, 5, 'Mary'),
(168, 20150923, 1, 1, 1, 1, 1, '百度贴吧', '画面', '这个游戏画面真糟', '这个游戏画面真糟，但是还是挺好玩的', 0, 0, 1, 5, 'James'),
(168, 20150923, 1, 1, 1, 1, 1, '百度贴吧', '画面', '这个游戏画面真糟', '这个游戏画面真糟，但是还是挺好玩的', 1, 0, 1, 5, 'John'),
(168, 20150923, 1, 1, 1, 1, 1, '百度贴吧', '画面', '这个游戏画面真糟', '这个游戏画面真糟，但是还是挺好玩的', 1, 0, 1, 5, 'Mary'),
(169, 20150923, 1, 1, 1, 1, 1, '百度贴吧', '画面', '这个游戏画面真糟', '这个游戏画面真糟，但是还是挺好玩的', 1, 0, 1, 5, 'James'),
(169, 20150923, 1, 1, 1, 1, 1, '百度贴吧', '画面', '这个游戏画面真糟', '这个游戏画面真糟，但是还是挺好玩的', 1, 0, 1, 5, 'John'),
(169, 20150923, 1, 1, 1, 1, 1, '百度贴吧', '画面', '这个游戏画面真糟', '这个游戏画面真糟，但是还是挺好玩的', -1, 0, 1, 5, 'Mary'),
(170, 20150923, 1, 1, 1, 1, 1, '百度贴吧', '画面', '这个游戏画面真糟', '这个游戏画面真糟，但是还是挺好玩的', 0, 0, 1, 5, 'James'),
(170, 20150923, 1, 1, 1, 1, 1, '百度贴吧', '画面', '这个游戏画面真糟', '这个游戏画面真糟，但是还是挺好玩的', 1, 0, 1, 5, 'John'),
(170, 20150923, 1, 1, 1, 1, 1, '百度贴吧', '画面', '这个游戏画面真糟', '这个游戏画面真糟，但是还是挺好玩的', 1, 0, 1, 5, 'Mary'),
(171, 20150923, 1, 1, 1, 1, 1, '百度贴吧', '画面', '这个游戏画面真糟', '这个游戏画面真糟，但是还是挺好玩的', 0, 0, 1, 5, 'James'),
(171, 20150923, 1, 1, 1, 1, 1, '百度贴吧', '画面', '这个游戏画面真糟', '这个游戏画面真糟，但是还是挺好玩的', 1, 0, 1, 5, 'John'),
(171, 20150923, 1, 1, 1, 1, 1, '百度贴吧', '画面', '这个游戏画面真糟', '这个游戏画面真糟，但是还是挺好玩的', -1, 0, 1, 5, 'Mary'),
(172, 20150923, 1, 1, 1, 1, 1, '百度贴吧', '画面', '这个游戏画面真糟', '这个游戏画面真糟，但是还是挺好玩的', -1, 0, 1, 5, 'James'),
(172, 20150923, 1, 1, 1, 1, 1, '百度贴吧', '画面', '这个游戏画面真糟', '这个游戏画面真糟，但是还是挺好玩的', 0, 0, 1, 5, 'John'),
(172, 20150923, 1, 1, 1, 1, 1, '百度贴吧', '画面', '这个游戏画面真糟', '这个游戏画面真糟，但是还是挺好玩的', -1, 0, 1, 5, 'Mary'),
(173, 20150923, 1, 1, 1, 1, 1, '百度贴吧', '画面', '这个游戏画面真糟', '这个游戏画面真糟，但是还是挺好玩的', 1, 0, 1, 5, 'James'),
(173, 20150923, 1, 1, 1, 1, 1, '百度贴吧', '画面', '这个游戏画面真糟', '这个游戏画面真糟，但是还是挺好玩的', 1, 0, 1, 5, 'John'),
(173, 20150923, 1, 1, 1, 1, 1, '百度贴吧', '画面', '这个游戏画面真糟', '这个游戏画面真糟，但是还是挺好玩的', 1, 0, 1, 5, 'Mary'),
(174, 20150923, 1, 1, 1, 1, 1, '百度贴吧', '画面', '这个游戏画面真糟', '这个游戏画面真糟，但是还是挺好玩的', 1, 0, 1, 5, 'James'),
(174, 20150923, 1, 1, 1, 1, 1, '百度贴吧', '画面', '这个游戏画面真糟', '这个游戏画面真糟，但是还是挺好玩的', -1, 0, 1, 5, 'John'),
(174, 20150923, 1, 1, 1, 1, 1, '百度贴吧', '画面', '这个游戏画面真糟', '这个游戏画面真糟，但是还是挺好玩的', -1, 0, 1, 5, 'Mary'),
(175, 20150923, 1, 1, 1, 1, 1, '百度贴吧', '画面', '这个游戏画面真糟', '这个游戏画面真糟，但是还是挺好玩的', 1, 0, 1, 5, 'James'),
(175, 20150923, 1, 1, 1, 1, 1, '百度贴吧', '画面', '这个游戏画面真糟', '这个游戏画面真糟，但是还是挺好玩的', 0, 0, 1, 5, 'John'),
(175, 20150923, 1, 1, 1, 1, 1, '百度贴吧', '画面', '这个游戏画面真糟', '这个游戏画面真糟，但是还是挺好玩的', -1, 0, 1, 5, 'Mary'),
(176, 20150923, 1, 1, 1, 1, 1, '百度贴吧', '画面', '这个游戏画面真糟', '这个游戏画面真糟，但是还是挺好玩的', -1, 0, 1, 5, 'James'),
(176, 20150923, 1, 1, 1, 1, 1, '百度贴吧', '画面', '这个游戏画面真糟', '这个游戏画面真糟，但是还是挺好玩的', -1, 0, 1, 5, 'John'),
(176, 20150923, 1, 1, 1, 1, 1, '百度贴吧', '画面', '这个游戏画面真糟', '这个游戏画面真糟，但是还是挺好玩的', -1, 0, 1, 5, 'Mary'),
(177, 20150923, 1, 1, 1, 1, 1, '百度贴吧', '画面', '这个游戏画面真糟', '这个游戏画面真糟，但是还是挺好玩的', 1, 0, 1, 5, 'James'),
(177, 20150923, 1, 1, 1, 1, 1, '百度贴吧', '画面', '这个游戏画面真糟', '这个游戏画面真糟，但是还是挺好玩的', -1, 0, 1, 5, 'John'),
(177, 20150923, 1, 1, 1, 1, 1, '百度贴吧', '画面', '这个游戏画面真糟', '这个游戏画面真糟，但是还是挺好玩的', 0, 0, 1, 5, 'Mary'),
(178, 20150923, 1, 1, 1, 1, 1, '百度贴吧', '画面', '这个游戏画面真糟', '这个游戏画面真糟，但是还是挺好玩的', 1, 0, 1, 5, 'James'),
(178, 20150923, 1, 1, 1, 1, 1, '百度贴吧', '画面', '这个游戏画面真糟', '这个游戏画面真糟，但是还是挺好玩的', 1, 0, 1, 5, 'John'),
(178, 20150923, 1, 1, 1, 1, 1, '百度贴吧', '画面', '这个游戏画面真糟', '这个游戏画面真糟，但是还是挺好玩的', 0, 0, 1, 5, 'Mary'),
(179, 20150923, 1, 1, 1, 1, 1, '百度贴吧', '画面', '这个游戏画面真糟', '这个游戏画面真糟，但是还是挺好玩的', -1, 0, 1, 5, 'James'),
(179, 20150923, 1, 1, 1, 1, 1, '百度贴吧', '画面', '这个游戏画面真糟', '这个游戏画面真糟，但是还是挺好玩的', 1, 0, 1, 5, 'John'),
(179, 20150923, 1, 1, 1, 1, 1, '百度贴吧', '画面', '这个游戏画面真糟', '这个游戏画面真糟，但是还是挺好玩的', -1, 0, 1, 5, 'Mary'),
(180, 20150923, 1, 1, 1, 1, 1, '百度贴吧', '画面', '这个游戏画面真糟', '这个游戏画面真糟，但是还是挺好玩的', -1, 0, 1, 5, 'James'),
(180, 20150923, 1, 1, 1, 1, 1, '百度贴吧', '画面', '这个游戏画面真糟', '这个游戏画面真糟，但是还是挺好玩的', 1, 0, 1, 5, 'John'),
(180, 20150923, 1, 1, 1, 1, 1, '百度贴吧', '画面', '这个游戏画面真糟', '这个游戏画面真糟，但是还是挺好玩的', 1, 0, 1, 5, 'Mary'),
(181, 20150923, 1, 1, 1, 1, 1, '百度贴吧', '画面', '这个游戏画面真糟', '这个游戏画面真糟，但是还是挺好玩的', -1, 0, 1, 5, 'James'),
(181, 20150923, 1, 1, 1, 1, 1, '百度贴吧', '画面', '这个游戏画面真糟', '这个游戏画面真糟，但是还是挺好玩的', 1, 0, 1, 5, 'John'),
(181, 20150923, 1, 1, 1, 1, 1, '百度贴吧', '画面', '这个游戏画面真糟', '这个游戏画面真糟，但是还是挺好玩的', 0, 0, 1, 5, 'Mary'),
(182, 20150923, 1, 1, 1, 1, 1, '百度贴吧', '画面', '这个游戏画面真糟', '这个游戏画面真糟，但是还是挺好玩的', 1, 0, 1, 5, 'James'),
(182, 20150923, 1, 1, 1, 1, 1, '百度贴吧', '画面', '这个游戏画面真糟', '这个游戏画面真糟，但是还是挺好玩的', 0, 0, 1, 5, 'John'),
(182, 20150923, 1, 1, 1, 1, 1, '百度贴吧', '画面', '这个游戏画面真糟', '这个游戏画面真糟，但是还是挺好玩的', 0, 0, 1, 5, 'Mary'),
(183, 20150923, 1, 1, 1, 1, 1, '百度贴吧', '画面', '这个游戏画面真糟', '这个游戏画面真糟，但是还是挺好玩的', 1, 0, 1, 5, 'James'),
(183, 20150923, 1, 1, 1, 1, 1, '百度贴吧', '画面', '这个游戏画面真糟', '这个游戏画面真糟，但是还是挺好玩的', 1, 0, 1, 5, 'John'),
(183, 20150923, 1, 1, 1, 1, 1, '百度贴吧', '画面', '这个游戏画面真糟', '这个游戏画面真糟，但是还是挺好玩的', -1, 0, 1, 5, 'Mary'),
(184, 20150923, 1, 1, 1, 1, 1, '百度贴吧', '画面', '这个游戏画面真糟', '这个游戏画面真糟，但是还是挺好玩的', 0, 0, 1, 5, 'James'),
(184, 20150923, 1, 1, 1, 1, 1, '百度贴吧', '画面', '这个游戏画面真糟', '这个游戏画面真糟，但是还是挺好玩的', -1, 0, 1, 5, 'John'),
(184, 20150923, 1, 1, 1, 1, 1, '百度贴吧', '画面', '这个游戏画面真糟', '这个游戏画面真糟，但是还是挺好玩的', 1, 0, 1, 5, 'Mary'),
(185, 20150923, 1, 1, 1, 1, 1, '百度贴吧', '画面', '这个游戏画面真糟', '这个游戏画面真糟，但是还是挺好玩的', 0, 0, 1, 5, 'James'),
(185, 20150923, 1, 1, 1, 1, 1, '百度贴吧', '画面', '这个游戏画面真糟', '这个游戏画面真糟，但是还是挺好玩的', 0, 0, 1, 5, 'John'),
(185, 20150923, 1, 1, 1, 1, 1, '百度贴吧', '画面', '这个游戏画面真糟', '这个游戏画面真糟，但是还是挺好玩的', -1, 0, 1, 5, 'Mary'),
(186, 20150923, 1, 1, 1, 1, 1, '百度贴吧', '画面', '这个游戏画面真糟', '这个游戏画面真糟，但是还是挺好玩的', 0, 0, 1, 5, 'James'),
(186, 20150923, 1, 1, 1, 1, 1, '百度贴吧', '画面', '这个游戏画面真糟', '这个游戏画面真糟，但是还是挺好玩的', 1, 0, 1, 5, 'John'),
(186, 20150923, 1, 1, 1, 1, 1, '百度贴吧', '画面', '这个游戏画面真糟', '这个游戏画面真糟，但是还是挺好玩的', 0, 0, 1, 5, 'Mary'),
(187, 20150923, 1, 1, 1, 1, 1, '百度贴吧', '画面', '这个游戏画面真糟', '这个游戏画面真糟，但是还是挺好玩的', -1, 0, 1, 5, 'James'),
(187, 20150923, 1, 1, 1, 1, 1, '百度贴吧', '画面', '这个游戏画面真糟', '这个游戏画面真糟，但是还是挺好玩的', 0, 0, 1, 5, 'John'),
(187, 20150923, 1, 1, 1, 1, 1, '百度贴吧', '画面', '这个游戏画面真糟', '这个游戏画面真糟，但是还是挺好玩的', 1, 0, 1, 5, 'Mary'),
(188, 20150923, 1, 1, 1, 1, 1, '百度贴吧', '画面', '这个游戏画面真糟', '这个游戏画面真糟，但是还是挺好玩的', -1, 0, 1, 5, 'James'),
(188, 20150923, 1, 1, 1, 1, 1, '百度贴吧', '画面', '这个游戏画面真糟', '这个游戏画面真糟，但是还是挺好玩的', -1, 0, 1, 5, 'John'),
(188, 20150923, 1, 1, 1, 1, 1, '百度贴吧', '画面', '这个游戏画面真糟', '这个游戏画面真糟，但是还是挺好玩的', 1, 0, 1, 5, 'Mary'),
(189, 20150923, 1, 1, 1, 1, 1, '百度贴吧', '画面', '这个游戏画面真糟', '这个游戏画面真糟，但是还是挺好玩的', 1, 0, 1, 5, 'James'),
(189, 20150923, 1, 1, 1, 1, 1, '百度贴吧', '画面', '这个游戏画面真糟', '这个游戏画面真糟，但是还是挺好玩的', 0, 0, 1, 5, 'John'),
(189, 20150923, 1, 1, 1, 1, 1, '百度贴吧', '画面', '这个游戏画面真糟', '这个游戏画面真糟，但是还是挺好玩的', 0, 0, 1, 5, 'Mary'),
(190, 20150923, 1, 1, 1, 1, 1, '百度贴吧', '画面', '这个游戏画面真糟', '这个游戏画面真糟，但是还是挺好玩的', -1, 0, 1, 5, 'James'),
(190, 20150923, 1, 1, 1, 1, 1, '百度贴吧', '画面', '这个游戏画面真糟', '这个游戏画面真糟，但是还是挺好玩的', 1, 0, 1, 5, 'John'),
(190, 20150923, 1, 1, 1, 1, 1, '百度贴吧', '画面', '这个游戏画面真糟', '这个游戏画面真糟，但是还是挺好玩的', 0, 0, 1, 5, 'Mary'),
(191, 20150923, 1, 1, 1, 1, 1, '百度贴吧', '画面', '这个游戏画面真糟', '这个游戏画面真糟，但是还是挺好玩的', 1, 0, 1, 5, 'James'),
(191, 20150923, 1, 1, 1, 1, 1, '百度贴吧', '画面', '这个游戏画面真糟', '这个游戏画面真糟，但是还是挺好玩的', 0, 0, 1, 5, 'John'),
(191, 20150923, 1, 1, 1, 1, 1, '百度贴吧', '画面', '这个游戏画面真糟', '这个游戏画面真糟，但是还是挺好玩的', 0, 0, 1, 5, 'Mary'),
(192, 20150923, 1, 1, 1, 1, 1, '百度贴吧', '画面', '这个游戏画面真糟', '这个游戏画面真糟，但是还是挺好玩的', -1, 0, 1, 5, 'James'),
(192, 20150923, 1, 1, 1, 1, 1, '百度贴吧', '画面', '这个游戏画面真糟', '这个游戏画面真糟，但是还是挺好玩的', 1, 0, 1, 5, 'John'),
(192, 20150923, 1, 1, 1, 1, 1, '百度贴吧', '画面', '这个游戏画面真糟', '这个游戏画面真糟，但是还是挺好玩的', 1, 0, 1, 5, 'Mary'),
(193, 20150923, 1, 1, 1, 1, 1, '百度贴吧', '画面', '这个游戏画面真糟', '这个游戏画面真糟，但是还是挺好玩的', -1, 0, 1, 5, 'James'),
(193, 20150923, 1, 1, 1, 1, 1, '百度贴吧', '画面', '这个游戏画面真糟', '这个游戏画面真糟，但是还是挺好玩的', 0, 0, 1, 5, 'John'),
(193, 20150923, 1, 1, 1, 1, 1, '百度贴吧', '画面', '这个游戏画面真糟', '这个游戏画面真糟，但是还是挺好玩的', 0, 0, 1, 5, 'Mary'),
(194, 20150923, 1, 1, 1, 1, 1, '百度贴吧', '画面', '这个游戏画面真糟', '这个游戏画面真糟，但是还是挺好玩的', 0, 0, 1, 5, 'James'),
(194, 20150923, 1, 1, 1, 1, 1, '百度贴吧', '画面', '这个游戏画面真糟', '这个游戏画面真糟，但是还是挺好玩的', 0, 0, 1, 5, 'John'),
(194, 20150923, 1, 1, 1, 1, 1, '百度贴吧', '画面', '这个游戏画面真糟', '这个游戏画面真糟，但是还是挺好玩的', 0, 0, 1, 5, 'Mary'),
(195, 20150923, 1, 1, 1, 1, 1, '百度贴吧', '画面', '这个游戏画面真糟', '这个游戏画面真糟，但是还是挺好玩的', -1, 0, 1, 5, 'James'),
(195, 20150923, 1, 1, 1, 1, 1, '百度贴吧', '画面', '这个游戏画面真糟', '这个游戏画面真糟，但是还是挺好玩的', 0, 0, 1, 5, 'John'),
(195, 20150923, 1, 1, 1, 1, 1, '百度贴吧', '画面', '这个游戏画面真糟', '这个游戏画面真糟，但是还是挺好玩的', 1, 0, 1, 5, 'Mary'),
(196, 20150923, 1, 1, 1, 1, 1, '百度贴吧', '画面', '这个游戏画面真糟', '这个游戏画面真糟，但是还是挺好玩的', 1, 0, 1, 5, 'James'),
(196, 20150923, 1, 1, 1, 1, 1, '百度贴吧', '画面', '这个游戏画面真糟', '这个游戏画面真糟，但是还是挺好玩的', -1, 0, 1, 5, 'John'),
(196, 20150923, 1, 1, 1, 1, 1, '百度贴吧', '画面', '这个游戏画面真糟', '这个游戏画面真糟，但是还是挺好玩的', -1, 0, 1, 5, 'Mary'),
(197, 20150923, 1, 1, 1, 1, 1, '百度贴吧', '画面', '这个游戏画面真糟', '这个游戏画面真糟，但是还是挺好玩的', -1, 0, 1, 5, 'James'),
(197, 20150923, 1, 1, 1, 1, 1, '百度贴吧', '画面', '这个游戏画面真糟', '这个游戏画面真糟，但是还是挺好玩的', -1, 0, 1, 5, 'John'),
(197, 20150923, 1, 1, 1, 1, 1, '百度贴吧', '画面', '这个游戏画面真糟', '这个游戏画面真糟，但是还是挺好玩的', 0, 0, 1, 5, 'Mary'),
(198, 20150923, 1, 1, 1, 1, 1, '百度贴吧', '画面', '这个游戏画面真糟', '这个游戏画面真糟，但是还是挺好玩的', -1, 0, 1, 5, 'James'),
(198, 20150923, 1, 1, 1, 1, 1, '百度贴吧', '画面', '这个游戏画面真糟', '这个游戏画面真糟，但是还是挺好玩的', 1, 0, 1, 5, 'John'),
(198, 20150923, 1, 1, 1, 1, 1, '百度贴吧', '画面', '这个游戏画面真糟', '这个游戏画面真糟，但是还是挺好玩的', 1, 0, 1, 5, 'Mary'),
(199, 20150923, 1, 1, 1, 1, 1, '百度贴吧', '画面', '这个游戏画面真糟', '这个游戏画面真糟，但是还是挺好玩的', -1, 0, 1, 5, 'James'),
(199, 20150923, 1, 1, 1, 1, 1, '百度贴吧', '画面', '这个游戏画面真糟', '这个游戏画面真糟，但是还是挺好玩的', 0, 0, 1, 5, 'John'),
(199, 20150923, 1, 1, 1, 1, 1, '百度贴吧', '画面', '这个游戏画面真糟', '这个游戏画面真糟，但是还是挺好玩的', -1, 0, 1, 5, 'Mary'),
(200, 20150923, 1, 1, 1, 1, 1, '百度贴吧', '画面', '这个游戏画面真糟', '这个游戏画面真糟，但是还是挺好玩的', -1, 0, 1, 5, 'James'),
(200, 20150923, 1, 1, 1, 1, 1, '百度贴吧', '画面', '这个游戏画面真糟', '这个游戏画面真糟，但是还是挺好玩的', 0, 0, 1, 5, 'John'),
(200, 20150923, 1, 1, 1, 1, 1, '百度贴吧', '画面', '这个游戏画面真糟', '这个游戏画面真糟，但是还是挺好玩的', 1, 0, 1, 5, 'Mary');

-- --------------------------------------------------------

--
-- 表的结构 `label_ods_src`
--

CREATE TABLE IF NOT EXISTS `label_ods_src` (
  `ods_sentence_id` bigint(11) NOT NULL,
  `date_id` int(11) NOT NULL,
  `game_id` int(11) NOT NULL,
  `source_id` bigint(11) NOT NULL,
  `comment_id` bigint(11) NOT NULL,
  `sentence_index` int(11) NOT NULL,
  `concept_id` bigint(11) NOT NULL,
  `source_name` varchar(255) COLLATE utf8_unicode_ci DEFAULT NULL,
  `concept_name` varchar(255) COLLATE utf8_unicode_ci DEFAULT NULL,
  `content` varchar(500) COLLATE utf8_unicode_ci DEFAULT NULL,
  `src_content` varchar(3000) COLLATE utf8_unicode_ci DEFAULT NULL,
  `task_id` bigint(11) NOT NULL,
  PRIMARY KEY (`ods_sentence_id`,`task_id`)
) ENGINE=InnoDB DEFAULT CHARSET=utf8 COLLATE=utf8_unicode_ci;

--
-- 转存表中的数据 `label_ods_src`
--

INSERT INTO `label_ods_src` (`ods_sentence_id`, `date_id`, `game_id`, `source_id`, `comment_id`, `sentence_index`, `concept_id`, `source_name`, `concept_name`, `content`, `src_content`, `task_id`) VALUES
(1, 20150922, 1, 1, 1, 1, 1, '百度贴吧', '画面', '这个游戏画面好糟糕', '这个游戏画面好糟糕，但是易于上手', 1);

-- --------------------------------------------------------

--
-- 表的结构 `label_task`
--

CREATE TABLE IF NOT EXISTS `label_task` (
  `task_id` bigint(11) NOT NULL AUTO_INCREMENT,
  `start_time` datetime NOT NULL,
  `end_time` datetime NOT NULL,
  PRIMARY KEY (`task_id`),
  KEY `end_time` (`end_time`)
) ENGINE=InnoDB  DEFAULT CHARSET=utf8 COLLATE=utf8_unicode_ci AUTO_INCREMENT=14 ;

--
-- 转存表中的数据 `label_task`
--

INSERT INTO `label_task` (`task_id`, `start_time`, `end_time`) VALUES
(1, '2015-09-16 16:00:00', '2015-09-17 16:00:00'),
(2, '2015-09-16 16:01:00', '2015-09-17 16:01:00'),
(3, '2015-09-16 16:02:00', '2015-09-17 16:02:00'),
(4, '2015-09-16 16:03:00', '2015-09-17 16:03:00'),
(5, '2015-09-16 16:04:00', '2015-09-17 16:04:00'),
(6, '2015-09-16 16:05:00', '2015-09-17 16:05:00'),
(7, '2015-09-16 16:06:00', '2015-09-17 16:06:00'),
(8, '2015-09-16 16:07:00', '2015-09-17 16:07:00'),
(9, '2015-09-16 16:08:00', '2015-09-17 16:08:00'),
(10, '2015-09-16 16:09:00', '2015-09-17 16:09:00'),
(11, '2015-09-16 16:10:00', '2015-09-17 16:10:00'),
(12, '2015-09-16 16:11:00', '2015-09-17 16:11:00'),
(13, '2015-09-16 16:12:00', '2015-09-17 16:12:00');

-- --------------------------------------------------------

--
-- 表的结构 `label_user`
--

CREATE TABLE IF NOT EXISTS `label_user` (
  `user_id` varchar(255) COLLATE utf8_unicode_ci NOT NULL,
  `total_labeled` bigint(11) NOT NULL,
  PRIMARY KEY (`user_id`),
  KEY `total_labeled` (`total_labeled`)
) ENGINE=InnoDB DEFAULT CHARSET=utf8 COLLATE=utf8_unicode_ci;

--
-- 转存表中的数据 `label_user`
--

INSERT INTO `label_user` (`user_id`, `total_labeled`) VALUES
('James', 0),
('John', 0),
('Mary', 200),
('Carter', 400),
('Thomas', 600);

-- --------------------------------------------------------

--
-- 表的结构 `label_user_task`
--

CREATE TABLE IF NOT EXISTS `label_user_task` (
  `task_id` bigint(11) NOT NULL,
  `user_id` varchar(255) COLLATE utf8_unicode_ci NOT NULL,
  `kappa` float DEFAULT NULL,
  `num_effective` int(11) DEFAULT NULL,
  `progress` int(11) NOT NULL,
  PRIMARY KEY (`task_id`,`user_id`)
) ENGINE=InnoDB DEFAULT CHARSET=utf8 COLLATE=utf8_unicode_ci;

--
-- 转存表中的数据 `label_user_task`
--

INSERT INTO `label_user_task` (`task_id`, `user_id`, `kappa`, `num_effective`, `progress`) VALUES
(1, 'James', 0, 0, 200),
(1, 'John', 0, 0, 0),
(1, 'Mary', 0.9, 150, 200),
(2, 'James', 0, 0, 0),
(2, 'John', 0, 0, 0),
(2, 'Mary', 0.8, 140, 200),
(3, 'James', 0, 0, 0),
(3, 'John', 0, 0, 0),
(3, 'Mary', 0.7, 130, 200),
(4, 'James', 0, 0, 0),
(4, 'John', 0, 0, 0),
(4, 'Mary', 0, 0, 0),
(5, 'James', 0, 0, 0),
(5, 'John', -0.01829, 144, 200),
(5, 'Mary', 0, 0, 0);

/*!40101 SET CHARACTER_SET_CLIENT=@OLD_CHARACTER_SET_CLIENT */;
/*!40101 SET CHARACTER_SET_RESULTS=@OLD_CHARACTER_SET_RESULTS */;
/*!40101 SET COLLATION_CONNECTION=@OLD_COLLATION_CONNECTION */;
